Date,Total,Real?,oik,oik-nivo-slider,oik-privacy-policy,cookie-cat,bbboing,uk-tides,oik-css,oik-batchmove,oik-read-more,oik-weightcountry-shipping,oik-bwtrace,allow-reinstalls,oik-weight-zone-shipping,sb-children-block,sb-chart-block
2011-02-05,0,real,0,,,
2011-11-20,500,real,500,,,
2011-12-25,651,real,651,,,
2012-01-15,779,real,779,,,
2012-02-05,838,real,838,,,
2012-02-12,885,real,885,,,
2012-02-19,915,real,915,,,
2012-02-26,934,real,934,,,
2012-03-04,948,real,948,,,
2012-03-18,963,real,963,,,
2012-04-01,999,real,999,,,
2012-04-15,1462,real,1102,296,,,38,26,,,,,,,,,
2012-04-22,3119,real,1455,1664,,
2012-04-29,3804,real,1582,2222,,
2012-05-10,6907,real,2684,4223,,
2012-05-16,9057,real,3390,5257,290,,57,63,,,,,,,,,
2012-05-22,11337,real,4162,6326,622,102,59,66,,,,,,,,,
2012-05-27,13425,real,4875,7050,1018,348,61,73,,,,,,,,,
2012-05-28,13904,real,5049,7188,1112,420,61,74,,,,,,,,,
2012-05-29,14544,real,5270,7422,1229,486,62,75,,,,,,,,,
2012-05-30,15008,real,5437,7609,1301,524,62,75,,,,,,,,,
2012-06-01,15694,real,5670,7886,1403,596,62,77,,,,,,,,,
2012-06-03,16166,real,5833,8081,1490,621,63,78,,,,,,,,,
2012-06-05,16992,real,6127,8424,1626,670,63,82,,,,,,,,,
2012-06-07,17756,real,6382,8729,1764,732,64,85,,,,,,,,,
2012-06-09,18400,real,6612,8980,1872,784,66,86,,,,,,,,,
2012-06-11,19075,real,6823,9209,1984,905,67,87,,,,,,,,,
2012-06-12,19471,real,6947,9365,2042,959,68,90,,,,,,,,,
2012-06-13,19897,real,7079,9543,2115,1000,68,92,,,,,,,,,
2012-06-14,20151,real,7156,9664,2142,1024,69,96,,,,,,,,,
2012-06-16,20942,real,7425,9996,2259,1094,70,98,,,,,,,,,
2012-06-17,21113,real,7487,10057,2297,1103,71,98,,,,,,,,,
2012-07-02,26110,real,9151,12214,3171,1389,76,109,,,,,,,,,
2012-07-03,26486,real,9339,12373,3193,1395,77,109,,,,,,,,,
2012-07-04,27186,real,9685,12639,3264,1411,77,110,,,,,,,,,
2012-07-05,27729,real,9942,12847,3328,1425,77,110,,,,,,,,,
2012-07-06,28118,real,10165,12955,3374,1433,79,112,,,,,,,,,
2012-07-09,29010,real,10598,13249,3519,1451,80,113,,,,,,,,,
2012-07-11,30204,real,11086,13789,3650,1486,80,113,,,,,,,,,
2012-07-12,30634,real,11267,13957,3720,1497,80,113,,,,,,,,,
2012-07-19,33196,real,12315,14928,4147,1605,81,120,,,,,,,,,
2012-07-20,33637,real,12497,15104,4213,1620,82,121,,,,,,,,,
2012-07-26,35580,real,13270,15871,4563,1672,82,122,,,,,,,,,
2012-07-29,36379,real,13576,16188,4716,1692,83,124,,,,,,,,,
2012-07-30,36550,real,13646,16257,4746,1694,83,124,,,,,,,,,
2012-08-05,38349,real,14355,16944,5075,1757,87,131,,,,,,,,,
2012-08-07,38988,real,14605,17192,5189,1780,88,134,,,,,,,,,
2012-08-09,39784,real,15077,17385,5290,1807,89,136,,,,,,,,,
2012-08-10,40057,real,15216,17477,5326,1812,90,136,,,,,,,,,
2012-08-14,41332,real,15829,17891,5536,1846,91,139,,,,,,,,,
2012-08-20,42956,real,16549,18458,5831,1886,91,141,,,,,,,,,
2012-08-21,43429,real,16702,18701,5897,1897,91,141,,,,,,,,,
2012-08-24,44452,real,17074,19184,6036,1917,94,147,,,,,,,,,
2012-08-28,45581,real,17531,19647,6201,1957,96,149,,,,,,,,,
2012-08-30,46232,real,17780,19939,6292,1974,97,150,,,,,,,,,
2012-09-03,47276,real,18185,20360,6472,2010,98,151,,,,,,,,,
2012-09-06,48356,real,18594,20816,6654,2043,98,151,,,,,,,,,
2012-09-08,48948,real,18829,21065,6743,2061,99,151,,,,,,,,,
2012-09-09,49102,real,18881,21132,6773,2065,99,152,,,,,,,,,
2012-09-11,49734,real,19151,21377,6869,2085,99,153,,,,,,,,,
2012-09-12,50033,real,19272,21500,6918,2091,99,153,,,,,,,,,
2012-09-24,53273,real,20544,22842,7462,2168,100,157,,,,,,,,,
2012-09-27,54016,real,20831,23159,7566,2201,100,159,,,,,,,,,
2012-10-01,54903,real,21184,23536,7702,2219,100,162,,,,,,,,,
2012-10-02,55141,real,21279,23642,7733,2224,100,163,,,,,,,,,
2012-10-23,59296,real,22946,25404,8326,2342,103,175,,,,,,,,,
2012-10-30,60595,real,23465,25957,8525,2364,105,179,,,,,,,,,
2012-11-19,64225,real,24937,27403,9114,2467,112,192,,,,,,,,,
2012-11-20,64373,real,24994,27468,9136,2470,112,193,,,,,,,,,
2012-11-26,65362,real,25363,27902,9288,2497,115,197,,,,,,,,,
2012-11-27,65564,real,25440,27995,9310,2505,115,199,,,,,,,,,
2012-11-28,66076,real,25805,28092,9350,2515,115,199,,,,,,,,,
2012-11-29,66295,real,25946,28157,9360,2517,115,200,,,,,,,,,
2012-11-30,66850,real,26193,28430,9391,2521,115,200,,,,,,,,,
2012-12-01,67083,real,26295,28528,9423,2521,116,200,,,,,,,,,
2012-12-04,68039,real,26729,28970,9484,2537,117,202,,,,,,,,,
2012-12-10,70022,real,27613,29910,9623,2553,119,204,,,,,,,,,
2012-12-16,71761,real,28386,30710,9760,2579,119,207,,,,,,,,,
2012-12-22,73187,real,28983,31396,9867,2609,119,213,,,,,,,,,
2012-12-23,73299,real,29029,31444,9880,2614,119,213,,,,,,,,,
2012-12-24,73467,real,29102,31527,9889,2616,119,214,,,,,,,,,
2012-12-27,73863,real,29267,31719,9924,2620,119,214,,,,,,,,,
2012-12-30,74449,real,29515,31984,9985,2631,119,215,,,,,,,,,
2012-12-31,74739,real,29639,32112,10008,2644,121,215,,,,,,,,,
2013-01-01,74867,real,29696,32164,10020,2651,121,215,,,,,,,,,
2013-01-02,75070,real,29781,32246,10045,2661,122,215,,,,,,,,,
2013-01-04,75596,real,30005,32491,10085,2677,123,215,,,,,,,,,
2013-01-05,75784,real,30084,32574,10107,2681,123,215,,,,,,,,,
2013-01-06,75931,real,30149,32642,10119,2683,123,215,,,,,,,,,
2013-01-10,77010,real,30598,33159,10214,2696,123,220,,,,,,,,,
2013-01-15,78311,real,31153,33756,10331,2723,124,224,,,,,,,,,
2013-01-20,79684,real,31718,34429,10429,2745,130,233,,,,,,,,,
2013-01-21,79899,real,31805,34530,10446,2751,132,235,,,,,,,,,
2013-01-24,80881,real,32193,35014,10528,2775,134,237,,,,,,,,,
2013-02-05,84448,real,33656,36753,10808,2847,138,246,,,,,,,,,
2013-02-19,88534,real,35295,38800,11129,2911,142,257,,,,,,,,,
2013-02-21,89042,real,35501,39051,11168,2919,144,259,,,,,,,,,
2013-02-22,89502,real,35656,39331,11191,2920,144,260,,,,,,,,,
2013-02-28,91348,real,36337,40353,11300,2951,144,263,,,,,,,,,
2013-03-03,91908,real,36544,40646,11350,2957,144,267,,,,,,,,,
2013-03-04,92201,real,36649,40814,11363,2962,144,269,,,,,,,,,
2013-03-05,92307,real,36686,40873,11372,2962,144,270,,,,,,,,,
2013-03-06,92534,real,36769,40995,11391,2964,144,271,,,,,,,,,
2013-03-18,95578,real,37938,42583,11609,3018,152,278,,,,,,,,,
2013-03-21,96604,real,38355,43086,11690,3038,155,280,,,,,,,,,
2013-03-23,97063,real,38532,43317,11729,3050,155,280,,,,,,,,,
2013-03-26,97696,real,38781,43629,11778,3066,156,286,,,,,,,,,
2013-03-28,98199,real,38972,43867,11831,3080,157,292,,,,,,,,,
2013-03-29,98423,real,39054,43978,11854,3087,157,293,,,,,,,,,
2013-04-02,99025,real,39284,44279,11904,3102,158,298,,,,,,,,,
2013-04-04,99532,real,39486,44538,11941,3111,158,298,,,,,,,,,
2013-04-10,100706,real,39952,45110,12034,3148,159,303,,,,,,,,,
2013-04-16,101962,real,40431,45746,12130,3183,164,308,,,,,,,,,
2013-04-21,103102,real,40883,46306,12218,3220,165,310,,,,,,,,,
2013-04-22,103203,real,40921,46352,12233,3222,165,310,,,,,,,,,
2013-04-30,104830,real,41556,47142,12371,3271,172,318,,,,,,,,,
2013-05-31,110503,real,43777,49847,12929,3423,178,349,,,,,,,,,
2013-06-10,111862,real,44296,50448,13115,3468,181,354,,,,,,,,,
2013-06-18,113111,real,44791,51007,13261,3512,183,357,,,,,,,,,
2013-06-19,113539,real,45094,51099,13287,3517,184,358,,,,,,,,,
2013-06-20,113723,real,45208,51155,13299,3518,184,359,,,,,,,,,
2013-06-23,114385,real,45624,51347,13342,3528,184,360,,,,,,,,,
2013-06-27,115416,real,46161,51730,13427,3550,185,363,,,,,,,,,
2013-07-01,116143,real,46513,52002,13505,3569,187,367,,,,,,,,,
2013-07-04,116718,real,46800,52216,13563,3582,188,369,,,,,,,,,
2013-07-07,117173,real,47011,52386,13621,3594,189,372,,,,,,,,,
2013-07-19,119158,real,47976,53181,13817,3594,191,380,19,,,,,,,,
2013-07-31,121392,real,48953,54218,13997,3626,193,383,22,,,,,,,,
2013-08-02,121865,real,49145,54458,14032,3626,194,386,24,,,,,,,,
2013-08-07,122813,real,49565,54906,14109,3626,195,387,25,,,,,,,,
2013-08-20,124364,real,50255,55551,14308,3626,200,391,33,,,,,,,,
2013-08-22,124633,real,50349,55695,14338,3626,200,391,34,,,,,,,,
2013-08-27,125233,real,50587,55973,14416,3630,200,392,35,,,,,,,,
2013-09-03,126190,real,51005,56379,14527,3644,201,395,39,,,,,,,,
2013-09-05,126588,real,51134,56494,14571,3753,201,396,39,,,,,,,,
2013-09-10,127358,real,51429,56734,14666,3882,204,401,42,,,,,,,,
2013-09-11,127487,real,51480,56780,14688,3891,204,401,43,,,,,,,,
2013-09-16,128151,real,51726,57003,14767,3995,206,405,49,,,,,,,,
2013-09-17,128274,real,51774,57046,14780,4013,206,405,50,,,,,,,,
2013-09-21,128841,real,51987,57244,14863,4068,206,406,51,16,,,,,,,
2013-09-27,131125,real,53112,58213,14944,4143,206,409,54,44,,,,,,,
2013-10-02,132350,real,53671,58761,15003,4191,206,410,59,49,,,,,,,
2013-10-03,132584,real,53780,58851,15018,4207,206,410,62,50,,,,,,,
2013-10-07,133248,real,54066,59117,15081,4244,207,413,66,54,,,,,,,
2013-10-09,133748,real,54294,59323,15103,4283,209,414,66,56,,,,,,,
2013-10-10,134071,real,54395,59420,15215,4290,209,420,66,56,,,,,,,
2013-10-15,135485,real,54914,59943,15496,4344,212,440,72,64,,,,,,,
2013-10-17,135867,real,55067,60066,15569,4366,213,446,76,64,,,,,,,
2013-10-27,137678,real,55765,60710,15888,4460,220,466,92,77,,,,,,,
2013-10-28,137888,real,55849,60777,15921,4478,221,471,93,78,,,,,,,
2013-11-07,139429,real,56475,61350,16151,4562,225,481,97,88,,,,,,,
2013-11-13,140304,real,56828,61634,16317,4604,230,492,104,95,,,,,,,
2013-11-27,142599,real,57733,62485,16715,4708,236,509,110,103,,,,,,,
2013-12-04,143592,real,58121,62846,16883,4764,241,514,114,109,,,,,,,
2013-12-19,146051,real,59094,63738,17316,4883,245,531,122,122,,,,,,,
2014-01-04,147776,real,59788,64311,17633,4994,247,543,129,131,,,,,,,
2014-01-06,148008,real,59865,64378,17679,5010,247,559,137,133,,,,,,,
2014-01-07,148152,real,59932,64410,17713,5012,247,564,140,134,,,,,,,
2014-01-08,148328,real,60004,64472,17744,5019,247,566,140,136,,,,,,,
2014-01-13,148945,real,60244,64674,17861,5055,247,578,148,138,,,,,,,
2014-01-20,149793,real,60589,64943,18009,5115,247,593,158,139,,,,,,,
2014-01-23,150174,real,60736,65066,18081,5146,247,598,160,140,,,,,,,
2014-01-26,150600,real,60914,65181,18159,5176,250,609,166,145,,,,,,,
2014-01-29,150960,real,61058,65300,18213,5205,251,615,170,148,,,,,,,
2014-01-30,151580,real,61468,65458,18244,5218,251,617,171,153,,,,,,,
2014-01-31,152075,real,61740,65627,18267,5224,252,633,174,158,,,,,,,
2014-02-03,152786,real,62116,65861,18330,5242,253,642,177,165,,,,,,,
2014-02-04,153016,real,62229,65942,18348,5250,253,648,179,167,,,,,,,
2014-02-05,153397,real,62421,66069,18388,5259,255,653,183,169,,,,,,,
2014-02-08,154113,real,62711,66402,18454,5276,256,657,186,171,,,,,,,
2014-02-11,154806,real,63023,66695,18508,5297,257,660,189,177,,,,,,,
2014-02-18,156240,real,63660,67255,18647,5365,259,677,194,183,,,,,,,
2014-02-19,156391,real,63709,67336,18663,5366,259,677,197,184,,,,,,,
2014-02-20,156901,real,63892,67601,18705,5383,260,679,197,184,,,,,,,
2014-02-22,156992,real,63928,67640,18720,5383,260,679,198,184,,,,,,,
2014-02-24,157481,real,64084,67903,18757,5407,262,682,201,185,,,,,,,
2014-02-27,158046,real,64304,68141,18823,5435,263,691,203,186,,,,,,,
2014-02-28,158120,real,64338,68168,18831,5437,263,694,203,186,,,,,,,
2014-03-10,159568,real,64925,68729,19009,5522,265,706,216,196,,,,,,,
2014-03-11,159690,real,64975,68777,19029,5524,265,708,216,196,,,,,,,
2014-03-21,161098,real,65573,69295,19230,5576,268,718,225,213,,,,,,,
2014-03-22,161186,real,65612,69324,19239,5583,268,720,225,215,,,,,,,
2014-03-26,161624,real,65798,69477,19305,5600,268,728,227,221,,,,,,,
2014-03-27,161752,real,65854,69521,19324,5606,270,728,227,222,,,,,,,
2014-03-29,161919,real,65921,69576,19346,5614,272,731,228,223,4,4,,,,,
2014-03-30,162074,real,65966,69601,19366,5620,272,733,228,225,11,52,,,,,
2014-04-03,162836,real,66209,69800,19459,5650,274,737,232,232,25,218,,,,,
2014-04-04,162916,real,66236,69822,19465,5653,274,738,237,232,28,231,,,,,
2014-04-09,163926,real,66511,70022,19557,5922,275,747,249,238,42,363,,,,,
2014-04-12,164665,real,66740,70183,19616,6055,279,758,261,246,50,477,,,,,
2014-04-13,164795,real,66767,70209,19622,6069,279,759,262,246,54,528,,,,,
2014-04-17,165595,real,67008,70342,19694,6157,281,764,273,257,62,757,,,,,
2014-04-18,165807,real,67166,70358,19696,6170,283,767,275,259,64,769,,,,,
2014-04-20,166642,real,67711,70470,19732,6195,294,780,281,267,74,838,,,,,
2014-05-02,169103,real,68941,70853,19937,6409,309,801,297,283,110,1163,,,,,
2014-05-06,169886,real,69260,71038,20011,6482,313,809,300,287,120,1266,,,,,
2014-05-11,170682,real,69606,71186,20101,6553,316,814,304,292,131,1379,,,,,
2014-06-16,175422,real,71455,72123,20653,6921,347,855,353,335,215,2165,,,,,
2014-07-01,177107,real,72041,72500,20843,7038,351,871,361,350,244,2508,,,,,
2014-07-23,179418,real,72865,72931,21166,7209,367,888,379,370,290,2953,,,,,
2014-07-28,179865,real,73039,73006,21234,7248,367,890,380,373,304,3024,,,,,
2014-08-06,180862,real,73385,73180,21393,7330,371,899,388,387,332,3197,,,,,
2014-09-08,184099,real,74560,73752,21876,7574,392,931,411,422,445,3736,,,,,
2014-09-09,184187,real,74590,73781,21884,7580,394,932,411,422,447,3746,,,,,
2014-09-13,184957,real,74764,73886,21945,7878,398,954,420,432,452,3828,,,,,
2014-09-14,185190,real,74794,73896,22091,7902,399,956,421,435,460,3836,,,,,
2014-09-21,186485,real,75088,74061,22544,8103,404,968,426,469,483,3939,,,,,
2014-09-22,186602,real,75118,74075,22578,8123,404,968,427,472,488,3949,,,,,
2014-09-23,187130,real,75206,74108,22653,8174,405,971,429,480,501,4203,,,,,
2014-09-25,188033,real,75775,74141,22749,8224,408,975,432,487,513,4329,,,,,
2014-09-26,188391,real,75968,74164,22802,8246,408,976,433,492,524,4378,,,,,
2014-09-29,189059,real,76306,74204,22886,8293,411,980,434,502,535,4508,,,,,
2014-10-07,191080,real,77223,74380,23181,8479,417,997,438,526,582,4857,,,,,
2014-10-09,191587,real,77430,74423,23270,8520,418,1006,440,529,597,4954,,,,,
2014-10-12,192110,real,77659,74481,23357,8565,419,1009,443,538,605,5034,,,,,
2014-10-23,194195,real,78496,74700,23700,8738,432,1019,451,561,687,5411,,,,,
2014-10-24,194416,real,78584,74721,23737,8764,432,1021,452,562,691,5452,,,,,
2014-10-27,194784,real,78719,74765,23798,8792,434,1025,455,566,702,5528,,,,,
2014-10-28,194965,real,78792,74784,23826,8807,434,1027,457,567,705,5566,,,,,
2014-10-30,195390,real,78960,74817,23890,8846,434,1032,457,571,722,5661,,,,,
2014-11-09,197011,real,79587,74989,24154,8979,443,1047,465,596,781,5970,,,,,
2014-11-10,197178,real,79648,75004,24182,8995,443,1050,465,600,789,6002,,,,,
2014-11-20,198995,real,80329,75215,24431,9177,453,1063,474,623,847,6383,,,,,
2014-11-25,199901,real,80701,75311,24569,9270,457,1070,481,631,872,6539,,,,,
2014-11-26,199998,real,80734,75331,24585,9277,457,1070,481,631,876,6556,,,,,
2014-11-26,200000,real,80734,75331,24585,9278,457,1070,481,631,876,6557,,,,,
2014-11-26,200010,real,80738,75332,24587,9279,457,1070,481,631,876,6559,,,,,
2014-12-12,202267,real,81572,75610,24906,9490,459,1084,488,663,943,7052,,,,,
2014-12-17,202922,real,81824,75686,24993,9552,460,1086,491,675,965,7190,,,,,
2014-12-21,203248,real,81892,75743,25057,9589,461,1088,492,678,978,7270,,,,,
2014-12-22,203442,real,82026,75758,25068,9601,461,1099,492,679,983,7275,,,,,
2014-12-23,203801,real,82065,75776,25084,9613,462,1104,492,682,985,7538,,,,,
2014-12-24,203954,real,82097,75791,25095,9620,462,1106,493,683,988,7619,,,,,
2015-01-05,206920,real,83877,75939,25373,9707,465,1131,499,698,1030,8201,,,,,
2015-01-16,209404,real,84960,76150,25741,9842,467,1154,508,726,1071,8785,,,,,
2015-01-19,209949,real,85197,76213,25831,9869,467,1155,511,730,1080,8896,,,,,
2015-01-21,210372,real,85385,76255,25900,9892,467,1157,511,734,1088,8983,,,,,
2015-01-27,211319,real,85789,76369,26041,9925,467,1163,512,741,1112,9200,,,,,
2015-03-16,218231,real,88587,77150,27052,10352,480,1231,536,818,1294,10731,,,,,
2015-04-23,222641,real,90329,77643,27770,10598,489,1266,551,900,1383,11712,,,,,
2015-04-24,222815,real,90395,77661,27792,10622,489,1268,552,902,1385,11749,,,,,
2015-05-12,226688,real,92783,77940,28108,10909,494,1290,563,937,1449,12215,,,,,
2015-05-21,229794,real,93949,78113,28284,11109,497,1300,569,958,1483,13532,,,,,
2015-06-01,231866,real,94775,78263,28506,11337,498,1303,573,973,1523,14115,,,,,
2015-06-11,233990,real,95589,78401,28737,11671,499,1307,580,991,1552,14663,,,,,
2015-06-24,235800,real,96380,78551,28894,11828,503,1320,586,1014,1592,15132,,,,,
2015-06-25,236003,real,96450,78570,28912,11844,503,1321,586,1015,1596,15206,,,,,
2015-06-26,236421,real,96476,78575,28918,11850,503,1321,586,1015,1597,15580,,,,,
2015-07-02,237631,real,96720,78643,29001,11903,504,1323,589,1025,1616,16307,,,,,
2015-07-04,237917,real,96801,78663,29030,11919,504,1323,589,1027,1624,16437,,,,,
2015-07-07,238279,real,96920,78701,29059,11938,504,1325,589,1028,1632,16583,,,,,
2015-07-08,238884,real,96969,78720,29074,11947,504,1325,590,1029,1634,17092,,,,,
2015-07-09,239211,real,97023,78741,29095,11968,504,1325,590,1031,1639,17295,,,,,
2015-07-15,240172,real,97255,78806,29163,12027,505,1329,591,1040,1661,17795,,,,,
2015-07-22,241020,real,97527,78880,29245,12079,507,1332,596,1047,1686,18121,,,,,
2015-07-29,241986,real,97827,78968,29337,12140,509,1337,599,1059,1726,18484,,,,,
2015-08-12,243494,real,98344,79113,29525,12270,511,1348,602,1081,1763,18937,,,,,
2015-08-19,244247,real,98624,79225,29623,12316,512,1353,604,1097,1773,19120,,,,,
2015-08-24,245033,real,98943,79354,29736,12351,514,1355,609,1106,1780,19285,,,,,
2015-08-25,245266,real,99021,79387,29789,12368,515,1356,609,1107,1781,19333,,,,,
2015-08-28,245776,real,99163,79572,29838,12402,516,1363,610,1112,1785,19415,,,,,
2015-08-29,245852,real,99190,79593,29846,12405,516,1363,610,1112,1786,19431,,,,,
2015-08-31,246062,real,99251,79655,29865,12417,516,1364,618,1115,1789,19472,,,,,
2015-09-08,246851,real,99483,79842,29961,12465,518,1373,630,1123,1801,19652,3,,,,
2015-09-10,247107,real,99562,79898,29989,12485,519,1374,633,1130,1808,19705,4,,,,
2015-09-11,247256,real,99603,79937,30006,12498,521,1377,633,1130,1812,19732,7,,,,
2015-09-12,247310,real,99627,79950,30010,12500,521,1377,634,1131,1812,19740,8,,,,
2015-09-24,248589,real,100051,80218,30157,12603,523,1383,649,1149,1838,20000,18,,,,
2015-09-28,248867,real,100134,80257,30201,12624,525,1388,651,1153,1840,20068,26,,,,
2015-10-01,249219,real,100235,80323,30248,12649,528,1390,654,1159,1847,20155,31,,,,
2015-10-08,249905,real,100450,80454,30333,12698,528,1394,661,1168,1857,20320,42,,,,
2015-10-09,249963,real,100468,80466,30340,12702,528,1394,662,1168,1858,20334,43,,,,
2015-10-12,250184,real,100540,80509,30364,12715,529,1394,665,1174,1861,20386,47,,,,
2015-10-13,250812,real,100565,80530,30382,12730,531,1395,667,1199,1864,20900,49,,,,
2015-10-14,251084,real,100598,80554,30398,12735,531,1396,667,1212,1866,21072,55,,,,
2015-11-04,253965,real,101204,80885,30633,12900,536,1414,680,1276,1895,22462,80,,,,
2015-11-15,255150,real,101488,81017,30768,12985,540,1420,691,1299,1914,22926,102,,,,
2015-12-09,257572,real,102099,81324,31051,13156,548,1431,700,1347,1945,23851,120,,,,
2015-12-10,259027,real,102130,81335,31635,13404,549,1431,702,1351,1948,24421,121,,,,
2015-12-13,260053,real,102216,81483,31827,13634,550,1434,707,1359,1950,24767,126,,,,
2015-12-14,260270,real,102233,81508,31882,13671,550,1435,707,1359,1951,24848,126,,,,
2015-12-15,260631,real,102259,81553,31949,13746,550,1437,708,1384,1969,24950,126,,,,
2015-12-17,261318,real,102323,81618,32080,13877,550,1455,710,1405,2005,25166,129,,,,
2015-12-18,261503,real,102347,81636,32116,13903,550,1460,714,1408,2012,25228,129,,,,
2015-12-21,261914,real,102423,81680,32201,13953,551,1464,723,1415,2022,25349,133,,,,
2015-12-22,262252,real,102462,81714,32263,14010,551,1472,727,1426,2033,25451,143,,,,
2015-12-23,262448,real,102486,81739,32303,14034,555,1474,728,1428,2040,25518,143,,,,
2015-12-29,263057,real,102597,81809,32422,14108,560,1486,733,1439,2048,25708,147,,,,
2016-01-22,267038,real,103328,82310,33228,14692,567,1541,767,1505,2140,26783,177,,,,
2016-01-23,267296,real,103383,82353,33290,14721,568,1543,769,1511,2144,26832,179,3,,,
2016-02-08,269459,real,103865,82637,33688,15027,579,1562,778,1545,2196,27346,197,39,,,
2016-02-12,270048,real,103997,82714,33797,15111,579,1566,781,1557,2209,27481,210,46,,,
2016-02-13,270150,real,104023,82727,33812,15126,580,1568,781,1557,2210,27509,211,46,,,
2016-02-28,271943,real,104415,82957,34115,15361,590,1632,788,1586,2251,27952,236,60,,,
2016-03-15,273589,real,104834,83133,34396,15580,596,1664,802,1628,2276,28357,258,65,,,
2016-03-18,273970,real,104932,83181,34453,15638,596,1670,803,1635,2283,28449,265,65,,,
2016-03-24,274542,real,105069,83248,34560,15715,598,1685,805,1646,2295,28577,275,69,,,
2016-04-12,276203,real,105488,83432,34888,15931,601,1705,808,1679,2318,28986,295,72,,,
2016-04-14,277662,real,106797,83457,34929,15961,601,1708,810,1684,2324,29020,296,75,,,
2016-04-21,279077,real,107596,83742,35021,16041,602,1715,812,1695,2331,29142,302,78,,,
2016-05-03,280752,real,108387,84042,35192,16163,607,1727,821,1707,2341,29367,310,88,,,
2016-06-08,284315,real,109917,84461,35655,16386,618,1768,834,1768,2389,30074,335,110,,,
2016-06-30,285788,real,110508,84626,35884,16458,622,1784,846,1800,2413,30381,344,122,,,
2016-08-04,290545,real,113687,84966,36288,16570,634,1814,863,1863,2457,30880,376,147,0,,
2016-08-20,292643,real,114328,85086,37264,16606,635,1823,870,1886,2474,31073,394,152,52,,
2016-08-24,293300,real,114506,85126,37606,16623,638,1825,871,1892,2476,31112,400,154,71,,
2016-08-29,293859,real,114682,85172,37822,16638,642,1827,872,1897,2477,31170,408,157,95,,
2016-09-05,294647,real,114957,85229,38089,16670,645,1829,875,1908,2481,31258,422,158,126,,
2016-09-27,296667,real,115673,85374,38696,16739,654,1840,886,1939,2499,31535,447,162,223,,
2016-11-08,299582,real,116659,85574,39445,16878,670,1933,907,1996,2534,31965,470,180,371,,
2016-11-17,300290,real,116845,85621,39579,16896,671,1941,912,2007,2543,32115,473,183,504,,
2016-11-27,302006,real,117027,85677,39721,16915,671,1954,916,2018,2547,33302,479,188,591,,
2016-11-28,302084,real,117037,85681,39729,16918,672,1954,917,2019,2548,33346,479,189,595,,
2016-12-07,303144,real,117205,85742,39858,16941,679,1969,926,2039,2562,33833,488,210,692,,
2016-12-08,304301,real,118205,85748,39871,16945,679,1977,927,2040,2563,33941,489,210,706,,
2017-03-08,313365,real,123255,86204,40000,17206,713,2080,972,2155,2645,35954,554,353,1274,,
2017-03-23,315316,real,123582,86267,41147,17254,716,2094,975,2173,2650,36162,565,364,1367,,
2017-03-24,316223,real,124295,86309,41266,17260,716,2095,975,2176,2651,36176,566,365,1373,,
2017-03-26,317132,real,124645,86349,41751,17266,717,2095,975,2177,2653,36191,567,365,1381,,
2017-03-27,317458,real,124815,86380,41844,17267,717,2096,976,2180,2654,36209,568,367,1385,,
2017-03-30,318979,real,125266,86433,42158,17271,718,2101,976,2189,2656,36858,570,370,1413,,
2017-04-03,319765,real,125547,86474,42306,17279,721,2103,978,2193,2657,37119,572,374,1442,,
2017-04-05,320627,real,125709,86493,42383,17671,722,2106,979,2194,2675,37291,574,375,1455,,
2017-04-07,321172,real,125822,86519,42429,17768,722,2107,979,2194,2684,37426,575,376,1571,,
2017-04-10,321741,real,125964,86548,42505,17855,723,2111,979,2196,2696,37583,576,378,1627,,
2017-05-17,326854,real,127323,86780,43248,18488,738,2229,994,2234,2745,38902,608,408,2157,,
2017-06-01,328687,real,127771,86842,43498,18617,745,2247,998,2245,2760,39325,613,419,2607,,
2017-06-12,329926,real,128064,86881,43681,18683,747,2256,1001,2254,2770,39534,616,423,3016,,
2017-06-14,330254,real,128123,86898,43734,18707,751,2266,1006,2262,2776,39604,623,430,3074,,
2017-06-22,331012,real,128294,86938,43847,18768,758,2276,1013,2268,2783,39786,631,443,3207,,
2017-07-27,333876,real,129086,87064,44277,18981,786,2309,1031,2413,2819,40393,656,476,3585,,
2017-08-14,334809,real,129301,87126,44457,19053,793,2325,1036,2444,2832,40607,665,491,3679,,
2017-10-10,338815,real,130367,87286,45229,19273,815,2366,1059,2508,2875,41296,696,547,4498,,
2017-10-24,339617,real,130605,87308,45375,19312,826,2372,1066,2521,2886,41464,707,561,4614,,
2017-11-09,340663,real,130876,87371,45549,19382,841,2390,1077,2543,2902,41674,723,585,4750,,
2017-11-15,340998,real,130972,87389,45598,19410,847,2395,1083,2556,2910,41740,727,596,4775,,
2017-11-16,342153,real,132095,87392,45601,19413,847,2396,1083,2556,2910,41759,727,596,4778,,
2017-11-26,343611,real,133190,87412,45705,19467,850,2400,1084,2559,2912,41845,733,600,4854,,
2017-11-28,344902,real,134343,87467,45720,19493,851,2401,1085,2562,2915,41865,734,602,4864,,
2017-12-03,345907,real,135090,87536,45757,19511,852,2408,1088,2568,2919,41931,738,606,4903,,
2017-12-06,348087,real,136287,87566,46638,19525,853,2411,1088,2568,2921,41958,739,608,4925,,
2017-12-18,350018,real,137333,87649,47147,19563,861,2424,1095,2580,2933,42081,746,618,4988,,
2017-12-21,351551,real,138652,87666,47235,19574,865,2426,1110,2584,2936,42116,751,622,5014,,
2017-12-23,351951,real,138908,87678,47285,19580,865,2428,1112,2587,2937,42144,768,623,5036,,
2018-01-04,352990,real,139555,87728,47452,19608,868,2432,1123,2593,2939,42210,782,628,5072,,
2018-11-21,371602,real,146387,88759,51283,21090,1048,2787,1352,2887,3117,44251,1097,852,6692,,
2018-12-05,372025,real,146517,88778,51370,21126,1051,2793,1355,2891,3120,44321,1101,861,6741,,
2018-12-06,372957,real,147396,88781,51376,21128,1069,2793,1355,2892,3120,44324,1101,874,6748,,
2018-12-10,373956,real,148209,88912,51397,21136,1069,2795,1356,2893,3121,44329,1103,875,6761,,
2018-12-11,374169,real,148363,88951,51399,21140,1070,2796,1356,2894,3121,44334,1103,875,6767,,
2018-12-12,375193,real,148452,88959,51942,21511,1072,2796,1356,2895,3121,44338,1104,878,6769,,
2018-12-13,375589,real,148543,88971,52080,21645,1074,2797,1357,2897,3122,44344,1106,879,6774,,
2019-10-22,394228,real,157641,89735,56084,23959,1258,3241,1521,3230,3316,45426,,1153,7664,,
2019-11-06,396126,real,157860,89782,56184,24026,1269,3258,1528,3245,3324,45463,1313,1164,7710,,
2019-11-19,396424,real,157968,89812,56233,24055,1271,3266,1532,3252,3326,45491,1317,1167,7734,,
2019-12-15,397174,real,158190,89869,56333,24126,1291,3294,1551,3283,3346,45539,1366,1187,7799,,
2019-12-15,397349,real,158236,89881,56353,24138,1294,3298,1554,3288,3368,45549,1382,1200,7808,,
2019-12-26,397697,real,158329,89908,56401,24161,1302,3312,1564,3301,3395,45575,1400,1211,7838,,
2020-01-01,397820,real,158376,89922,56422,24176,1303,3317,1565,3305,3399,45579,1403,1211,7842,,
2020-01-02,397873,real,158383,89961,56425,24176,1303,3317,1565,3305,3400,45581,1403,1211,7843,,
2020-01-03,397936,real,158396,89977,56430,24181,1317,3317,1565,3307,3400,45585,1406,1212,7843,,
2020-01-04,398725,real,158402,89983,56863,24517,1321,3317,1565,3307,3400,45587,1407,1212,7844,,
2020-01-09,399684,real,158457,90022,57269,24922,1329,3319,1566,3309,3406,45602,1415,1213,7855,,
2020-01-15,400167,real,158519,90052,57476,25053,1332,3323,1567,3313,3412,45613,1418,1219,7870,,
2020-01-30,401325,real,158705,90141,57883,25302,1353,3348,1583,3333,3434,45664,1437,1236,7906,,
2020-01-30,401325,real,158705,90141,57883,25302,1353,3348,1583,3333,3434,45664,1437,1236,7906,,
2020-02-08,403453,real,160300,90178,58088,25402,1360,3410,1616,3342,3445,45690,1451,1243,7928,,
2020-04-15,408780,real,162773,90479,59276,25960,1396,3538,1667,3442,3499,45863,1498,1292,8097,,
2020-05-15,411100,real,163330,90645,59562,26133,1418,3581,1693,3527,3525,45981,1529,1349,8827,,
2020-07-22,414382,real,164250,90942,59988,26405,1450,3648,1722,3626,3557,46175,1572,1459,9588,,
2020-08-19,415982,real,164648,91090,60187,26566,1481,3687,1749,3691,3589,46257,1611,1532,9829,65,
2020-09-04,416601,real,164859,91153,60303,26625,1482,3702,1756,3707,3593,46280,1619,1568,9954,,
2020-09-05,417286,real,165496,91190,60303,26625,1482,3702,1767,3707,3593,46280,1619,1568,9954,,
2020-09-06,417643,real,165808,91213,60303,26636,1482,3702,1767,3707,3593,46280,1619,1568,9965,,
2020-09-08,418150,real,166065,91246,60314,26647,1482,3713,1778,3718,3604,46291,1630,1579,9976,107
2020-09-09,418282,real,166164,91246,60325,26647,1482,3713,1778,3718,3604,46302,1630,1579,9987,107
2020-09-10,418564,real,166324,91268,60336,26658,1494,3713,1789,3729,3604,46313,1630,1590,10009,107
2020-09-11,418601,real,166347,91282,60336,26658,1494,3713,1789,3729,3604,46313,1630,1590,10009,107
2020-09-16,419065,real,166612,91316,60358,26680,1494,3724,1800,3729,3615,46324,1641,1601,10053,118
2020-10-18,422077,real,167606,91605,60604,26871,1593,3839,1903,3861,3703,46482,1729,1700,10342,239
2020-10-20,422233,real,167640,91617,60615,26882,1593,3850,1914,3861,3714,46493,1740,1700,10364,250
2020-11-18,424176,real,168257,91796,60813,27003,1637,3916,1958,3916,3758,46581,1785,1744,10659,353
2020-12-14,425597,real,168643,91942,60973,27091,1670,3960,1991,3971,3791,46649,1829,1799,10847,441
2020-12-15,425674,real,168654,91953,60973,27102,1681,3960,2002,3971,3791,46660,1829,1799,10858,441
2020-12-19,425839,real,168709,91964,60984,27113,1681,3971,2002,3982,3802,46660,1840,1799,10880,452
2020-12-21,425950,real,168732,91975,60995,27124,1681,3971,2013,3982,3802,46671,1840,1810,10891,463
2020-12-22,426016,real,168754,91975,61006,27124,1681,3982,2013,3993,3802,46671,1840,1810,10902,463
2020-12-23,427763,real,169797,91986,61006,27135,1681,3982,2013,3993,3802,46989,1840,1810,11266,463
2020-12-24,428202,real,169931,91986,61017,27135,1692,3982,2013,3993,3802,47023,1840,1810,11504,474
2020-12-25,428345,real,170005,91997,61017,27135,1692,3982,2013,3993,3802,47034,1840,1810,11551,474
2020-12-29,429069,real,170278,92008,61040,27146,1692,3993,2024,4004,3813,47170,1851,1810,11755,485
2020-12-30,429126,real,170302,92008,61040,27157,1692,3993,2024,4004,3813,47181,1851,1810,11766,485
2020-12-30,429300,real,170324,92008,61040,27157,1692,3993,2024,4004,3813,47204,1851,1810,11895,485
2021-01-01,429656,real,170392,92019,61051,27157,1692,3993,2024,4004,3813,47250,1851,1810,12115,485
2021-01-03,429817,real,170437,92030,61051,27168,1692,3993,2024,4004,3813,47261,1851,1810,12187,496
2021-01-04,430024,real,170522,92030,61051,27168,1692,3993,2024,4004,3813,47311,1851,1810,12259,496
2021-01-04,430047,real,170534,92030,61051,27168,1692,3993,2024,4004,3813,47311,1851,1810,12270,496
2021-01-07,430406,real,170657,92041,61062,27168,1692,3993,2024,4015,3813,47391,1851,1821,12371,507
2021-01-12,430867,real,170820,92052,61099,27190,1692,4004,2024,4026,3824,47471,1851,1821,12486,507
2021-01-16,431296,real,170970,92074,61121,27201,1703,4004,2035,4026,3824,47540,1862,1821,12586,529
2021-01-25,431977,real,171168,92118,61156,27234,1703,4026,2035,4037,3824,47650,1862,1832,12792,540
2021-01-27,432441,real,171202,92118,61156,27234,1703,4026,2035,4037,3835,47673,1862,1832,13188,540
2021-01-31,432856,real,171288,92140,61178,27256,1714,4026,2035,4048,3835,47717,1862,1843,13374,540
2021-02-08,433570,real,171472,92174,61200,27278,1726,4048,2046,4059,3846,47805,1873,1843,13638,562
2021-02-17,434265,real,171648,92207,61233,27300,1726,4061,2057,4095,3857,47904,1884,1854,13866,573
2021-02-26,434758,real,171794,92251,61266,27322,1726,4061,2057,4106,3857,47971,1896,1854,14013,584
2021-03-15,435802,real,172076,92342,61332,27366,1748,4083,2080,4128,3868,48094,1907,1876,14285,617
2021-03-18,436068,real,172120,92353,61343,27388,1748,4094,2080,4139,3879,48139,1918,1876,14363,628
2021-03-19,436180,real,172131,92364,61354,27399,1759,4129,2091,4139,3879,48139,1918,1887,14363,628
2021-03-20,436237,real,172142,92364,61354,27399,1759,4152,2091,4139,3879,48150,1918,1887,14375,628
2021-03-30,437001,real,172287,92408,61399,27432,1781,4207,2102,4172,3901,48218,1975,1898,14560,661
2021-04-20,439001,real,172543,92463,61487,27510,1803,4263,2124,4205,3923,48341,2022,1920,15692,694,11
2021-05-11,440556,real,172765,92563,61586,27675,1836,4319,2168,4260,3967,48463,2077,1964,16054,749,110
2021-05-11,440613,real,172776,92563,61597,27675,1847,4319,2168,4260,3978,48463,2077,1964,16067,749,110
2021-05-11,440660,real,172823,92563,61597,27675,1847,4319,2168,4260,3978,48463,2077,1964,16067,749,110
2021-06-19,444379,real,175238,92670,61686,27774,1858,4352,2190,4306,4018,48623,2123,2002,16537,804,198
2021-07-06,445068,real,175484,92703,61730,27796,1869,4374,2201,4328,4029,48690,2134,2013,16682,815,220
2021-07-21,445726,real,175708,92738,61763,27841,1880,4385,2201,4339,4029,48756,2156,2024,16816,837,253
2021-09-14,448098,real,176305,92892,61919,28001,1935,4451,2245,4405,4084,48966,2222,2079,17228,925,441
2021-09-15,449265,real,177360,92892,61919,28001,1935,4497,2267,4405,4084,48977,2244,2079,17239,925,441
2021-09-21,449916,real,177834,92904,61930,28012,1935,4530,2267,4416,4084,48999,2266,2079,17272,936,452
2021-10-06,450808,real,178284,92937,61952,28034,1946,4574,2290,4438,4095,49043,2310,2090,17361,969,485
2021-10-21,451644,real,178560,92972,61985,28078,1958,4618,2312,4460,4106,49098,2354,2101,17463,991,588
2021-10-22,452732,real,179626,92972,61985,28078,1958,4618,2312,4460,4106,49109,2354,2101,17463,991,599
2021-11-07,453998,real,180402,93006,62018,28111,1969,4662,2323,4483,4117,49164,2400,2112,17574,1024,633
2021-11-15,454386,real,180569,93028,62029,28133,1980,4673,2334,4494,4117,49186,2411,2112,17630,1035,655
2021-11-22,454814,real,180786,93039,62040,28144,1980,4695,2346,4505,4128,49208,2434,2123,17674,1035,677
2021-12-14,455867,real,181145,93094,62095,28210,2002,4739,2368,4549,4139,49274,2489,2134,17817,1079,733
2022-01-02,456631,real,181436,93116,62128,28254,2013,4783,2379,4582,4150,49318,2533,2145,17894,1101,799
2022-01-03,456675,real,181447,93127,62139,28254,2013,4783,2379,4582,4150,49318,2544,2145,17894,1101,799
2022-01-04,456719,real,181469,93127,62139,28254,2013,4783,2379,4582,4150,49329,2544,2145,17905,1101,799
2022-01-08,458438,real,183045,93138,62150,28265,2013,4805,2379,4593,4150,49340,2555,2145,17938,1101,821
2022-02-15,461299,real,184091,93294,62272,28408,2090,4971,2456,4714,4227,49519,2665,2222,18193,1201,976
2022-02-24,461976,real,184247,93327,62305,28452,2124,5015,2478,4747,4249,49574,2698,2244,18261,1234,1021
2022-02-27,462272,real,184281,93338,62316,28463,2135,5037,2489,4769,4260,49597,2710,2255,18272,1245,1105
2022-03-07,462706,real,184394,93372,62338,28485,2146,5059,2500,4791,4271,49620,2732,2266,18305,1267,1160
2022-03-14,462978,real,184495,93383,62349,28496,2146,5070,2516,4791,4271,49642,2743,2266,18338,1278,1194
2022-03-22,463367,real,184609,93405,62360,28507,2157,5092,2527,4813,4282,49675,2765,2277,18382,1289,1227
2022-03-22,464129,real,185360,93405,62360,28507,2157,5092,2527,4813,4282,49675,2776,2277,18382,1289,1227
2022-03-23,464990,real,186210,93405,62360,28507,2157,5092,2527,4813,4282,49675,2787,2277,18382,1289,1227
2022-03-24,465242,real,186407,93405,62360,28507,2157,5103,2527,4813,4282,49675,2798,2277,18393,1300,1238
2022-04-03,466055,real,186921,93427,62393,28530,2168,5125,2538,4835,4293,49697,2832,2288,18426,1311,1271
2022-04-07,466413,real,187122,93438,62415,28541,2168,5136,2538,4846,4293,49708,2856,2299,18437,1323,1293
2022-04-16,466810,real,187299,93460,62437,28552,2168,5158,2549,4857,4304,49719,2878,2299,18470,1334,1326
2022-05-01,467354,real,187501,93482,62459,28585,2179,5202,2560,4901,4304,49763,2889,2321,18504,1345,1359
2022-06-10,469859,real,188048,93560,63354,28662,2212,5312,2582,4967,4327,49852,2945,2499,18647,1389,1503
2022-06-24,470456,real,188202,93593,63421,28695,2223,5347,2604,5000,4349,49885,2967,2532,18680,1400,1558
2022-07-03,470767,real,188281,93615,63465,28707,2223,5358,2615,5022,4349,49896,2978,2565,18702,1411,1580
2022-07-19,471322,real,188414,93637,63520,28752,2236,5391,2615,5055,4360,49941,2989,2609,18757,1422,1624
2022-08-07,471942,real,188583,93681,63575,28785,2258,5424,2626,5066,4360,49974,3000,2664,18823,1444,1679
2022-08-11,472041,real,188605,93681,63586,28785,2258,5435,2626,5077,4360,49985,3011,2664,18823,1455,1690
2022-08-12,472063,real,188616,93681,63586,28785,2258,5435,2626,5077,4360,49985,3011,2675,18823,1455,1690
2022-08-16,472140,real,188638,93692,63597,28796,2258,5435,2626,5077,4360,49985,3011,2675,18834,1455,1701
2022-08-19,472217,real,188660,93692,63597,28796,2258,5446,2626,5077,4360,49996,3011,2686,18845,1455,1712
2022-08-19,472835,real,189053,93731,63610,28796,2258,5469,2639,5090,4373,50027,3023,2697,18902,1455,1712
2022-08-21,474678,real,189839,93803,63621,28807,2258,5494,2650,5124,4395,50303,3045,2697,19272,1561,1809
2022-08-25,475463,real,190125,93836,63632,28807,2258,5516,2661,5135,4395,50418,3056,2697,19502,1583,1842
2022-08-30,475898,real,190229,93847,63643,28818,2269,5538,2661,5157,4406,50518,3067,2708,19590,1594,1853
2022-09-01,477688,real,191604,93881,63654,28829,2269,5550,2675,5168,4417,50610,3090,2708,19735,1616,1882
2022-09-05,478060,real,191811,93903,63665,28829,2269,5561,2675,5168,4417,50654,3090,2708,19790,1627,1893
2022-10-10,480401,real,192501,94024,63843,28906,2280,5638,2697,5212,4483,50953,3156,2730,20238,1704,2036
2022-10-17,480732,real,192590,94057,63876,28917,2280,5649,2697,5212,4494,50997,3167,2730,20304,1715,2047
2022-11-04,481685,real,192848,94123,63942,28950,2291,5682,2708,5223,4516,51129,3200,2741,20493,1737,2102
2022-11-10,482075,real,192959,94145,63975,28961,2291,5693,2708,5234,4527,51174,3223,2752,20538,1759,2136
2022-11-13,482276,real,193027,94167,63987,28972,2291,5693,2708,5245,4538,51196,3223,2752,20571,1759,2147
2022-11-15,482431,real,193061,94178,63998,28983,2302,5704,2708,5245,4538,51218,3234,2752,20582,1770,2158
2022-11-18,482610,real,193096,94201,64009,28994,2313,5704,2719,5245,4549,51229,3234,2763,20615,1770,2169
2022-11-22,482920,real,193154,94223,64031,29005,2313,5790,2719,5256,4549,51262,3245,2763,20649,1781,2180
2022-11-24,483009,real,193187,94223,64031,29005,2313,5801,2731,5256,4549,51262,3245,2763,20671,1781,2191
2022-11-27,483198,real,193232,94234,64042,29005,2324,5812,2753,5256,4560,51284,3256,2763,20694,1792,2191
2022-11-27,483211,real,193232,94234,64042,29005,2324,5812,2753,5269,4560,51284,3256,2763,20694,1792,2191
2022-11-27,483222,real,193232,94234,64042,29005,2324,5812,2753,5269,4560,51284,3256,2774,20694,1792,2191
2022-11-28,483290,real,193243,94245,64042,29005,2324,5824,2753,5269,4572,51284,3256,2774,20705,1792,2202
2022-11-29,483367,real,193265,94245,64042,29016,2324,5824,2764,5269,4572,51295,3267,2774,20716,1792,2202
2022-12-13,484074,real,193420,94300,64087,29038,2346,5879,2797,5280,4594,51350,3289,2796,20838,1814,2246
2022-12-20,484420,real,193476,94345,64098,29049,2357,5901,2797,5291,4617,51396,3311,2796,20893,1825,2268
2023-02-19,488255,real,194138,94717,64266,29264,2551,6140,2965,5438,4843,51702,3461,2928,21400,1938,2504
2023-02-20,488390,real,194149,94728,64266,29264,2551,6151,2965,5438,4843,51702,3461,2928,21411,1938,2595
2023-02-23,488614,real,194172,94739,64266,29287,2562,6151,2976,5449,4854,51724,3472,2928,21433,1938,2663
2023-02-23,488632,real,194172,94739,64266,29287,2562,6151,2976,5449,4854,51724,3472,2928,21433,1938,2681
2023-02-24,489255,real,194184,94751,64277,29287,2562,6163,2976,5449,4865,51724,3472,2939,21919,1938,2749
2023-03-02,489848,real,194228,94785,64277,29309,2585,6174,2998,5460,4878,51757,3483,2939,22222,1949,2804
2023-03-15,490776,real,194361,94862,64310,29376,2620,6218,3021,5493,4923,51801,3505,2961,22490,1971,2864
2023-05-06,493876,real,194705,95161,64443,29543,2785,6383,3175,5617,5102,52010,3615,3053,23174,2037,3073
2023-05-07,493887,real,194705,95161,64443,29543,2785,6383,3175,5617,5113,52010,3615,3053,23174,2037,3073
2023-05-08,493989,real,194716,95172,64454,29556,2797,6383,3186,5628,5113,52010,3615,3064,23185,2037,3073
2023-05-10,494118,real,194716,95183,64454,29567,2797,6457,3186,5628,5113,52021,3615,3064,23196,2037,3084
2023-05-12,494229,real,194738,95195,64465,29578,2797,6468,3186,5628,5124,52021,3615,3064,23218,2048,3084
2023-06-13,495878,real,194974,95361,64587,29689,2819,6587,3274,5705,5201,52131,3671,3119,23473,2093,3194
2023-07-04,496838,real,195140,95460,64697,29755,2830,6631,3318,5738,5246,52197,3704,3152,23606,2126,3238
2023-08-05,498447,real,195498,95606,64932,29843,2841,6675,3407,5793,5312,52294,3770,3196,23817,2137,3326
2023-08-06,499487,real,196461,95617,64943,29854,2841,6686,3407,5793,5323,52305,3770,3196,23828,2137,3326
2023-08-07,499690,real,196631,95617,64954,29854,2841,6686,3418,5804,5323,52305,3770,3196,23828,2137,3326
2023-08-07,499733,real,196663,95617,64965,29854,2841,6686,3418,5804,5323,52305,3770,3196,23828,2137,3326
2023-08-08,499850,real,196714,95628,64965,29865,2852,6697,3429,5804,5323,52316,3770,3196,23828,2137,3326
2023-08-08,499940,real,196755,95628,64965,29865,2852,6697,3429,5804,5323,52316,3782,3196,23853,2137,3338
2023-08-09,500542,real,196807,95628,64965,29865,2852,6697,3440,5804,5334,52316,3793,3207,24342,2154,3338
2023-08-10,500925,real,196892,95628,64976,29865,2852,6697,3453,5815,5334,52327,3818,3207,24464,2259,3338
2023-08-11,501286,real,196978,95639,64976,29876,2852,6708,3453,5815,5334,52327,3829,3207,24552,2270,3470
