,Total,oik,oik dependents,Oik-nivo-slider,Oik-privacy-policy,Cookie-cat,bbboing,Uk-tides,Oik-css,Oik-batchmove,Oik-read-more,Oik-weightcountry-shipping,Oik-bwtrace,Allow-reinstalls,Oik-weight-zone-shipping,Sb-children-block,Increase,Increase,Ratio,,,,,,,,,,
5 Feb 11,0,0,0,,,,,,,,,,,,,,,,,,,,,,,,,,
20 Nov 11,500,500,0,,,,,,,,,,,,,,,,,,,,,,,,,,
25 Dec 11,651,651,0,,,,,,,,,,,,,,,,,,,,,,,,,,
15 Jan 12,779,779,0,,,,,,,,,,,,,,,,,,,,,,,,,,
5 Feb 12,838,838,0,,,,,,,,,,,,,,,,,,,,,,,,,,
12 Feb 12,885,885,0,,,,,,,,,,,,,,,,,,,,,,,,,,
19 Feb 12,915,915,0,,,,,,,,,,,,,,,,,,,,,,,,,,
26 Feb 12,934,934,0,,,,,,,,,,,,,,,,,,,,,,,,,,
4 Mar 12,948,948,0,,,,,,,,,,,,,,,,,,,,,,,,,,
11 Mar 12,0,,0,,,,,,,,,,,,,,,,,,,,,,,,,,
18 Mar 12,963,963,0,,,,,,,,,,,,,,,,,,,,,,,,,,
25 Mar 12,0,,0,,,,,,,,,,,,,,,,,,,,,,,,,,
1 Apr 12,999,999,0,,,,,,,,,,,,,,,,,,,,,,,,,,
8 Apr 12,0,,0,0,,,,,,,,,,,,,,,,,,,,,,,,,
15 Apr 12,1462,1102,360,296,,,38,26,,,,,,,,,,,,,,ons v1.0,,,,,,,
22 Apr 12,3119,1455,1664,1664,,,,,,,,,,,,,353,1304,3.6940509915,,,,,,,,,,
29 Apr 12,3804,1582,2222,2222,,,,,,,,,,,,,127,558,4.3937007874,,oik v1.12,ons v1.2,,,,,,,
10 May 12,6907,2684,4223,4223,,,,,,,,,,,,,1102,2001,1.8157894737,,,,,,,,,,
16 May 12,9057,3390,5667,5257,290,,57,63,,,,,,,,,706,1444,2.045325779,,oik v1.13,ons v1.3 12 May,opp v1.0,C-c v1.0 17 May,,,,,
22 May 12,11337,4162,7175,6326,622,102,59,66,,,,,,,,,772,1508,1.9533678756,,,,,,,,,,
27 May 12,13425,4875,8550,7050,1018,348,61,73,,,,,,,,,713,1375,1.9284712482,,,,,,,,,,
28 May 12,13904,5049,8855,7188,1112,420,61,74,,,,,,,,,174,305,1.7528735632,,,,,,,,,,
29 May 12,14544,5270,9274,7422,1229,486,62,75,,,,,,,,,221,419,1.8959276018,,,,,,,,,,
30 May 12,15008,5437,9571,7609,1301,524,62,75,,,,,,,,,167,297,1.7784431138,,,,,,,,,,
1 Jun 12,15694,5670,10024,7886,1403,596,62,77,,,,,,,,,233,453,1.9442060086,,,,,,,,,,
3 Jun 12,16166,5833,10333,8081,1490,621,63,78,,,,,,,,,163,309,1.8957055215,,,,,,,,,,
5 Jun 12,16992,6127,10865,8424,1626,670,63,82,,,,,,,,,294,532,1.8095238095,,,,,,,,,,
7 Jun 12,17756,6382,11374,8729,1764,732,64,85,,,,,,,,,549,1041,1.8961748634,,,,,,,,,,
9 Jun 12,18400,6612,11788,8980,1872,784,66,86,,,,,,,,,230,414,1.8,,cc v1.1,,,C-c 1.1 782,,,,,
11 Jun 12,19075,6823,12252,9209,1984,905,67,87,,,,,,,,,211,464,2.1990521327,,,,,,,,,,
12 Jun 12,19471,6947,12524,9365,2042,959,68,90,,,,,,,,,124,272,2.1935483871,,,,,,,,,,
13 Jun 12,19897,7079,12818,9543,2115,1000,68,92,,,,,,,,,132,294,2.2272727273,,,,,,,,,,
14 Jun 12,20151,7156,12995,9664,2142,1024,69,96,,,,,,,,,77,177,2.2987012987,,,,,,,,,,
16 Jun 12,20942,7425,13517,9996,2259,1094,70,98,,,,,,,,,269,522,1.9405204461,,,,,,,,,,
17 Jun 12,21113,7487,13626,10057,2297,1103,71,98,,,,,,,,,62,109,1.7580645161,,,,,,,,,,
2 Jul 12,26110,9151,16959,12214,3171,1389,76,109,,,,,,,,,1664,3333,2.0030048077,,oik v1.14,ons v1.4,,,,,,,
3 Jul 12,26486,9339,17147,12373,3193,1395,77,109,,,,,,,,,188,188,1,,,,,,,,,,
4 Jul 12,27186,9685,17501,12639,3264,1411,77,110,,,,,,,,,346,354,1.0231213873,,,,,,,,,,
5 Jul 12,27641,9889,17752,12817,3324,1424,77,110,,,,,,,,,204,251,1.2303921569,,oik v1.15,,,,,,,,
5 Jul 12,27729,9942,17787,12847,3328,1425,77,110,,,,,,,,,53,35,0.6603773585,,,,,,,,,,
6 Jul 12,28118,10165,17953,12955,3374,1433,79,112,,,,,,,,,223,166,0.7443946188,,,,,,,,,,
9 Jul 12,29010,10598,18412,13249,3519,1451,80,113,,,,,,,,,433,459,1.0600461894,,,ons v1.5,,,,,,,
11 Jul 12,30204,11086,19118,13789,3650,1486,80,113,,,,,,,,,488,706,1.4467213115,,,,,,,,,,
12 Jul 12,30634,11267,19367,13957,3720,1497,80,113,,,,,,,,,181,249,1.3756906077,,,,,,,,,,
19 Jul 12,33196,12315,20881,14928,4147,1605,81,120,,,,,,,,,1048,1514,1.4446564885,,,,,,,,,,
20 Jul 12,33637,12497,21140,15104,4213,1620,82,121,,,,,,,,,182,259,1.4230769231,,,,,,,,,,
26 Jul 12,35580,13270,22310,15871,4563,1672,82,122,,,,,,,,,773,1170,1.5135834411,,,,,,,,,,
29 Jul 12,36379,13576,22803,16188,4716,1692,83,124,,,,,,,,,306,493,1.6111111111,,,,,,,,,,
30 Jul 12,36550,13646,22904,16257,4746,1694,83,124,,,,,,,,,70,101,1.4428571429,,,,,,,,,,
5 Aug 12,38349,14355,23994,16944,5075,1757,87,131,,,,,,,,,709,1090,1.5373765867,,,,,,,,,,
7 Aug 12,38988,14605,24383,17192,5189,1780,88,134,,,,,,,,,250,389,1.556,,oik v1.16,,,,,,,,
9 Aug 12,39784,15077,24707,17385,5290,1807,89,136,,,,,,,,,472,324,0.686440678,,,,,,,,,,
10 Aug 12,40057,15216,24841,17477,5326,1812,90,136,,,,,,,,,139,134,0.964028777,,,,,,,,,,
14 Aug 12,41332,15829,25503,17891,5536,1846,91,139,,,,,,,,,613,662,1.0799347471,,,,,,,,,,
20 Aug 12,42956,16549,26407,18458,5831,1886,91,141,,,,,,,,,720,904,1.2555555556,,,ons v1.6,,,,,,,
21 Aug 12,43429,16702,26727,18701,5897,1897,91,141,,,,,,,,,153,320,2.091503268,,,,,,,,,,
24 Aug 12,44452,17074,27378,19184,6036,1917,94,147,,,,,,,,,372,651,1.75,,,,,,,,,,
28 Aug 12,45581,17531,28050,19647,6201,1957,96,149,,,,,,,,,457,672,1.4704595186,,,,,,,,,,
30 Aug 12,46232,17780,28452,19939,6292,1974,97,150,,,,,,,,,249,402,1.6144578313,,,,,,,,,,
3 Sep 12,47276,18185,29091,20360,6472,2010,98,151,,,,,,,,,405,639,1.5777777778,,,,,,,,,,
6 Sep 12,48356,18594,29762,20816,6654,2043,98,151,,,,,,,,,409,671,1.6405867971,,,,,,,,,,
8 Sep 12,48948,18829,30119,21065,6743,2061,99,151,,,,,,,,,235,357,1.5191489362,,,,,,,,,,
9 Sep 12,49102,18881,30221,21132,6773,2065,99,152,,,,,,,,,52,102,1.9615384615,,,,,,,,,,
11 Sep 12,49734,19151,30583,21377,6869,2085,99,153,,,,,,,,,270,362,1.3407407407,,,,,,,,,,
12 Sep 12,50033,19272,30761,21500,6918,2091,99,153,,,,,,,,,121,178,1.4710743802,,,,,,,,,,
24 Sep 12,53273,20544,32729,22842,7462,2168,100,157,,,,,,,,,1272,1968,1.5471698113,,,,,,,,,,
27 Sep 12,54016,20831,33185,23159,7566,2201,100,159,,,,,,,,,287,456,1.5888501742,,,,,,,,,,
1 Oct 12,54903,21184,33719,23536,7702,2219,100,162,,,,,,,,,353,534,1.5127478754,,,,,,,,,,
2 Oct 12,55141,21279,33862,23642,7733,2224,100,163,,,,,,,,,95,143,1.5052631579,,,,,,,,,,
23 Oct 12,59296,22946,36350,25404,8326,2342,103,175,,,,,,,,,1667,2488,1.4925014997,,,,,,,,,,
30 Oct 12,60595,23465,37130,25957,8525,2364,105,179,,,,,,,,,519,780,1.5028901734,,,,,,,,,,
19 Nov 12,64225,24937,39288,27403,9114,2467,112,192,,,,,,,,,1472,2158,1.4660326087,,,,,,,,,,
20 Nov 12,64373,24994,39379,27468,9136,2470,112,193,,,,,,,,,57,91,1.5964912281,,,,,,,,,,
26 Nov 12,65362,25363,39999,27902,9288,2497,115,197,,,,,,,,,369,620,1.6802168022,,,,,,,,,,
27 Nov 12,65564,25440,40124,27995,9310,2505,115,199,,,,,,,,,77,125,1.6233766234,,oik v1.17,25440,,,,,,,
28 Nov 12,66076,25805,40271,28092,9350,2515,115,199,,,,,,,,,365,147,0.402739726,,,,,,,,,,
29 Nov 12,66295,25946,40349,28157,9360,2517,115,200,,,,,,,,,141,78,0.5531914894,,oik v1.17.2,ons v1.7,,,,,,,
30 Nov 12,66850,26193,40657,28430,9391,2521,115,200,,,,,,,,,247,308,1.2469635628,,,,,,,,,,
1 Dec 12,67083,26295,40788,28528,9423,2521,116,200,,,,,,,,,102,131,1.2843137255,,,,,,,,,,
4 Dec 12,68039,26729,41310,28970,9484,2537,117,202,,,,,,,,,434,522,1.202764977,,,,,,,,,,
10 Dec 12,70022,27613,42409,29910,9623,2553,119,204,,,,,,,,,884,1099,1.2432126697,,,,,,,,,,
16 Dec 12,71761,28386,43375,30710,9760,2579,119,207,,,,,,,,,773,966,1.2496765847,,,ons v1.7.1216,,,,,,,
22 Dec 12,73187,28983,44204,31396,9867,2609,119,213,,,,,,,,,597,829,1.3886097152,,,,,,,,,,
23 Dec 12,73299,29029,44270,31444,9880,2614,119,213,,,,,,,,,46,66,1.4347826087,,,,,,,,,,
24 Dec 12,73467,29102,44365,31527,9889,2616,119,214,,,,,,,,,73,95,1.301369863,,,,,,,,,,
27 Dec 12,73863,29267,44596,31719,9924,2620,119,214,,,,,,,,,165,231,1.4,,,,,,,,,,
30 Dec 12,74449,29515,44934,31984,9985,2631,119,215,,,,,,,,,248,338,1.3629032258,,,,,,,,,,
31 Dec 12,74739,29639,45100,32112,10008,2644,121,215,,,,,,,,,124,166,1.3387096774,,,,,,,,,,
1 Jan 13,74867,29696,45171,32164,10020,2651,121,215,,,,,,,,,57,71,1.2456140351,,,,,,,,,,
2 Jan 13,75070,29781,45289,32246,10045,2661,122,215,,,,,,,,,85,118,1.3882352941,,,,,,,,,,
4 Jan 13,75596,30005,45591,32491,10085,2677,123,215,,,,,,,,,224,302,1.3482142857,,,,,,,,,,
5 Jan 13,75784,30084,45700,32574,10107,2681,123,215,,,,,,,,,79,109,1.3797468354,,,,,,,,,,
6 Jan 13,75931,30149,45782,32642,10119,2683,123,215,,,,,,,,,65,82,1.2615384615,,,,,,,,,,
10 Jan 13,77010,30598,46412,33159,10214,2696,123,220,,,,,,,,,449,630,1.4031180401,,,,,,,,,,
15 Jan 13,78311,31153,47158,33756,10331,2723,124,224,,,,,,,,,555,746,1.3441441441,,,,,,,,,,
20 Jan 13,79684,31718,47966,34429,10429,2745,130,233,,,,,,,,,565,808,1.4300884956,,,,,,,,,,
21 Jan 13,79899,31805,48094,34530,10446,2751,132,235,,,,,,,,,87,128,1.4712643678,,,,,,,,,,
24 Jan 13,80881,32193,48688,35014,10528,2775,134,237,,,,,,,,,388,594,1.5309278351,,,,,,,,,,
5 Feb 13,84448,33656,50792,36753,10808,2847,138,246,,,,,,,,,1463,2104,1.4381408066,,,,,,,,,,
19 Feb 13,88534,35295,53239,38800,11129,2911,142,257,,,,,,,,,1639,2447,1.4929835265,,,,,,,,,,
21 Feb 13,89042,35501,53541,39051,11168,2919,144,259,,,,,,,,,206,302,1.4660194175,,ons v1.8,,,,,,,,
22 Feb 13,89502,35656,53846,39331,11191,2920,144,260,,,,,,,,,155,305,1.9677419355,,,,,,,,,,
28 Feb 13,91348,36337,55011,40353,11300,2951,144,263,,,,,,,,,681,1165,1.7107195301,,,,,,,,,,
3 Mar 13,91908,36544,55364,40646,11350,2957,144,267,,,,,,,,,207,353,1.7053140097,,,,,,,,,,
4 Mar 13,92201,36649,55552,40814,11363,2962,144,269,,,,,,,,,105,188,1.7904761905,,,,,,,,,,
5 Mar 13,92307,36686,55621,40873,11372,2962,144,270,,,,,,,,,37,69,1.8648648649,,,,,,,,,,
6 Mar 13,92534,36769,55765,40995,11391,2964,144,271,,,,,,,,,83,144,1.734939759,,,,,,,,,,
18 Mar 13,95578,37938,57640,42583,11609,3018,152,278,,,,,,,,,1169,1875,1.6039349872,,,,,,,,,,
21 Mar 13,96604,38355,58249,43086,11690,3038,155,280,,,,,,,,,417,609,1.4604316547,,,,,,,,,,
23 Mar 13,97063,38532,58531,43317,11729,3050,155,280,,,,,,,,,177,282,1.593220339,,,,,,,,,,
26 Mar 13,97696,38781,58915,43629,11778,3066,156,286,,,,,,,,,249,384,1.5421686747,,,,,,,,,,
28 Mar 13,98199,38972,59227,43867,11831,3080,157,292,,,,,,,,,191,312,1.6335078534,,,,,,,,,,
29 Mar 13,98423,39054,59369,43978,11854,3087,157,293,,,,,,,,,82,142,1.7317073171,,,,,,,,,,
2 Apr 13,99025,39284,59741,44279,11904,3102,158,298,,,,,,,,,230,372,1.6173913043,,,,,,,,,,
4 Apr 13,99532,39486,60046,44538,11941,3111,158,298,,,,,,,,,202,305,1.5099009901,,,,,,,,,,
10 Apr 13,100706,39952,60754,45110,12034,3148,159,303,,,,,,,,,466,708,1.5193133047,,,,,,,,,,
16 Apr 13,101962,40431,61531,45746,12130,3183,164,308,,,,,,,,,479,777,1.6221294363,,,,,,,,,,
21 Apr 13,103102,40883,62219,46306,12218,3220,165,310,,,,,,,,,452,688,1.5221238938,,,,,,,,,,
22 Apr 13,103203,40921,62282,46352,12233,3222,165,310,,,,,,,,,38,63,1.6578947368,,,,,,,,,,
30 Apr 13,104830,41556,63274,47142,12371,3271,172,318,,,,,,,,,635,992,1.5622047244,,,,,,,,,,
31 May 13,110503,43777,66726,49847,12929,3423,178,349,,,,,,,,,2221,3452,1.5542548402,,,,,,,,,,
10 Jun 13,111862,44296,67566,50448,13115,3468,181,354,,,,,,,,,519,840,1.6184971098,,,,,,,,,,
18 Jun 13,113111,44791,68320,51007,13261,3512,183,357,,,,,,,,,495,754,1.5232323232,,oik v2.0,,,,,,,,
19 Jun 13,113539,45094,68445,51099,13287,3517,184,358,,,,,,,,,303,125,0.4125412541,,,,,,,,,,
20 Jun 13,113723,45208,68515,51155,13299,3518,184,359,,,,,,,,,114,70,0.6140350877,,,,,,,,,,
23 Jun 13,114385,45624,68761,51347,13342,3528,184,360,,,,,,,,,416,246,0.5913461538,,,,,,,,,,
27 Jun 13,115416,46161,69255,51730,13427,3550,185,363,,,,,,,,,537,494,0.9199255121,,,,,,,,,,
1 Jul 13,116143,46513,69630,52002,13505,3569,187,367,,,,,,,,,352,375,1.0653409091,,oik v2.1-alpha-0701,,,,,,,,
4 Jul 13,116718,46800,69918,52216,13563,3582,188,369,,,,,,,,,287,288,1.0034843206,,,,,,,,,,
7 Jul 13,117173,47011,70162,52386,13621,3594,189,372,,,,,,,,,211,244,1.1563981043,,,,,,,,,,
19 Jul 13,119158,47976,71182,53181,13817,3594,191,380,19,,,,,,,,965,1020,1.0569948187,,"oik css v0.2 – on wp.org, cookie-cat under review, oik v2.1-alpha.0718",,,,,,,,
31 Jul 13,121392,48953,72439,54218,13997,3626,193,383,22,,,,,,,,977,1257,1.286591607,,Cookie-cat under review,,,,,,,,
2 Aug 13,121865,49145,72720,54458,14032,3626,194,386,24,,,,,,,,192,281,1.4635416667,,WP 3.6 – oik v2.1-alpha.0802,,,,,,,,
7 Aug 13,122813,49565,73248,54906,14109,3626,195,387,25,,,,,,,,420,528,1.2571428571,,,,,,,,,,
20 Aug 13,124364,50255,74109,55551,14308,3626,200,391,33,,,,,,,,690,861,1.247826087,,,,,,,,,,
22 Aug 13,124633,50349,74284,55695,14338,3626,200,391,34,,,,,,,,94,175,1.8617021277,,oik v2.1-alpha.0822,,,,,,,,
27 Aug 13,125233,50587,74646,55973,14416,3630,200,392,35,,,,,,,,238,362,1.5210084034,,Cookie-cat back live,,,,,,,,
3 Sep 13,126190,51005,75185,56379,14527,3644,201,395,39,,,,,,,,418,539,1.2894736842,,Cookie-cat v1.2,,,,,,,,
5 Sep 13,126588,51134,75454,56494,14571,3753,201,396,39,,,,,,,,129,269,2.0852713178,,,,,,,,,,
10 Sep 13,127358,51429,75929,56734,14666,3882,204,401,42,,,,,,,,295,475,1.6101694915,,,,,,,,,,
11 Sep 13,127487,51480,76007,56780,14688,3891,204,401,43,,,,,,,,51,78,1.5294117647,,,,,,,,,,
16 Sep 13,128151,51726,76425,57003,14767,3995,206,405,49,,,,,,,,246,418,1.6991869919,,,,,,,,,,
17 Sep 13,128274,51774,76500,57046,14780,4013,206,405,50,,,,,,,,48,75,1.5625,,,,,,,,,,
21 Sep 13,128841,51987,76854,57244,14863,4068,206,406,51,16,,,,,,,213,354,1.661971831,,O-n-s v1.9,Oik 2.0.1,Oik-batchmove,,,,,,
27 Sep 13,131125,53112,78013,58213,14944,4143,206,409,54,44,,,,,,,1125,1159,1.0302222222,,,,,,,,,,
2 Oct 13,132350,53671,78679,58761,15003,4191,206,410,59,49,,,,,,,559,666,1.1914132379,,,,,,,,,,
3 Oct 13,132584,53780,78804,58851,15018,4207,206,410,62,50,,,,,,,109,125,1.1467889908,,,,,,,,,,
7 Oct 13,133248,54066,79182,59117,15081,4244,207,413,66,54,,,,,,,286,378,1.3216783217,,,,,,,,,,
9 Oct 13,133748,54294,79454,59323,15103,4283,209,414,66,56,,,,,,,228,272,1.1929824561,,Oik-privacy-policy v1.1,,Uk-tides v1.1,,,,,,
10 Oct 13,134071,54395,79676,59420,15215,4290,209,420,66,56,,,,,,,101,222,2.198019802,,,,,,,,,,
15 Oct 13,135485,54914,80571,59943,15496,4344,212,440,72,64,,,,,,,519,895,1.7244701349,,,,,,,,,,
17 Oct 13,135867,55067,80800,60066,15569,4366,213,446,76,64,,,,,,,153,229,1.4967320261,,,,,,,,,,
27 Oct 13,137678,55765,81913,60710,15888,4460,220,466,92,77,,,,,,,698,1113,1.5945558739,,,,,,,,,,
28 Oct 13,137888,55849,82039,60777,15921,4478,221,471,93,78,,,,,,,84,126,1.5,Oik-todo v0.1 created but not published!,,,,,,,,,
7 Nov 13,139429,56475,82954,61350,16151,4562,225,481,97,88,,,,,,,626,915,1.4616613419,,,,,,,,,,
13 Nov 13,140304,56828,83476,61634,16317,4604,230,492,104,95,,,,,,,353,522,1.4787535411,,,,,,,,,,
27 Nov 13,142599,57733,84866,62485,16715,4708,236,509,110,103,,,,,,,905,1390,1.5359116022,,,,,,,,,,
4 Dec 13,143592,58121,85471,62846,16883,4764,241,514,114,109,,,,,,,388,605,1.5592783505,,,,,,,,,,
19 Dec 13,146051,59094,86957,63738,17316,4883,245,531,122,122,,,,,,,973,1486,1.5272353546,Oik-batchmove 2.0-alpha.1218,,,,,,,,,
4 Jan 14,147776,59788,87988,64311,17633,4994,247,543,129,131,,,,,,,694,1031,1.4855907781,Oik-css v0.4 ,Oik-fields v1.20,oik v2.1-beta.0102,,,,,,,
6 Jan 14,148008,59865,88143,64378,17679,5010,247,559,137,133,,,,,,,77,155,2.012987013,Oik-privacy-policy v1.2,oik v2.1-beta.0106,,,,,,,,
7 Jan 14,148152,59932,88220,64410,17713,5012,247,564,140,134,,,,,,,67,77,1.1492537313,oik-batchmove 2.0-beta.0107,,,,,,,,,
8 Jan 14,148328,60004,88324,64472,17744,5019,247,566,140,136,,,,,,,72,104,1.4444444444,,,,,,,,,,
13 Jan 14,148945,60244,88701,64674,17861,5055,247,578,148,138,,,,,,,240,377,1.5708333333,,,,,,,,,,
20 Jan 14,149793,60589,89204,64943,18009,5115,247,593,158,139,,,,,,,345,503,1.4579710145,,,,,,,,,,
23 Jan 14,150174,60736,89438,65066,18081,5146,247,598,160,140,,,,,,,147,234,1.5918367347,,,,,,,,,,
26 Jan 14,150600,60914,89686,65181,18159,5176,250,609,166,145,,,,,,,178,248,1.393258427,,,,,,,,,,
29 Jan 14,150960,61058,89902,65300,18213,5205,251,615,170,148,,,,,,,144,216,1.5,oik v2.1,Oik-fields v1.32,Oik-batchmove v2.0,O-n-s v1.10,,,,,,
30 Jan 14,151580,61468,90112,65458,18244,5218,251,617,171,153,,,,,,,410,210,0.512195122,,,,,,,,,,
31 Jan 14,152075,61740,90335,65627,18267,5224,252,633,174,158,,,,,,,272,223,0.8198529412,,,,,,,,,,
3 Feb 14,152786,62116,90670,65861,18330,5242,253,642,177,165,,,,,,,376,335,0.8909574468,,,,,,,,,,
4 Feb 14,153016,62229,90787,65942,18348,5250,253,648,179,167,,,,,,,113,117,1.0353982301,,,,,,,,,,
5 Feb 14,153397,62421,90976,66069,18388,5259,255,653,183,169,,,,,,,192,189,0.984375,O-n-s v1.11,,,,,,,,,
8 Feb 14,154113,62711,91402,66402,18454,5276,256,657,186,171,,,,,,,290,426,1.4689655172,oik v2.2-alpha.0228,,,,,,,,,
11 Feb 14,154806,63023,91783,66695,18508,5297,257,660,189,177,,,,,,,312,381,1.2211538462,,,,,,,,,,
18 Feb 14,156240,63660,92580,67255,18647,5365,259,677,194,183,,,,,,,637,797,1.251177394,O-n-s v1.12,,,,,,,,,
19 Feb 14,156391,63709,92682,67336,18663,5366,259,677,197,184,,,,,,,49,102,2.0816326531,,,,,,,,,,
20 Feb 14,156901,63892,93009,67601,18705,5383,260,679,197,184,,,,,,,183,327,1.7868852459,oik-batchmove 2.0-alpha.1221,,,,,,,,,
22 Feb 14,156992,63928,93064,67640,18720,5383,260,679,198,184,,,,,,,36,55,1.5277777778,O-n-s v1.13,,,,,,,,,
24 Feb 14,157481,64084,93397,67903,18757,5407,262,682,201,185,,,,,,,156,333,2.1346153846,,,,,,,,,,
27 Feb 14,158046,64304,93742,68141,18823,5435,263,691,203,186,,,,,,,220,345,1.5681818182,Oik-dates v0.1 , ,,,,,,,,
28 Feb 14,158120,64338,93782,68168,18831,5437,263,694,203,186,,,,,,,34,40,1.1764705882,Oik-todo v0.2 ,,,,,,,,,
10 Mar 14,159568,64925,94643,68729,19009,5522,265,706,216,196,,,,,,,587,861,1.4667802385,,,,,,,,,,
11 Mar 14,159690,64975,94715,68777,19029,5524,265,708,216,196,,,,,,,50,72,1.44,,,,,,,,,,
21 Mar 14,161098,65573,95525,69295,19230,5576,268,718,225,213,,,,,,,598,810,1.3545150502,,,,,,,,,,
22 Mar 14,161186,65612,95574,69324,19239,5583,268,720,225,215,,,,,,,39,49,1.2564102564,,,,,,,,,,
26 Mar 14,161624,65798,95826,69477,19305,5600,268,728,227,221,,,,,,,186,252,1.3548387097,oik v2.2-alpha.0326,,,,,,,,,
27 Mar 14,161752,65854,95898,69521,19324,5606,270,728,227,222,,,,,,,56,72,1.2857142857,Oik-read-more on o-p.co.uk,,,,,,,,,
29 Mar 14,161919,65921,95998,69576,19346,5614,272,731,228,223,4,4,,,,,67,100,1.4925373134,Oik-weightcountry-shipping v1.0.3,Oik-read-more v0.1,,,,,,,,
30 Mar 14,162074,65966,96108,69601,19366,5620,272,733,228,225,11,52,,,,,45,110,2.4444444444,,,,,,,,,,
3 Apr 14,162836,66209,96627,69800,19459,5650,274,737,232,232,25,218,,,,,243,519,2.1358024691,oik v2.2-alpha.0403,Oik-bob-bing-wide v1.21,,,,,,,,
4 Apr 14,162916,66236,96680,69822,19465,5653,274,738,237,232,28,231,,,,,27,53,1.962962963,Oik-css v0.5,Cookie-cat v1.3,,,,,,,,
9 Apr 14,163926,66511,97415,70022,19557,5922,275,747,249,238,42,363,,,,,275,735,2.6727272727,,,,,,,,,,
12 Apr 14,164665,66740,97925,70183,19616,6055,279,758,261,246,50,477,,,,,229,510,2.2270742358,oik-weightcountry-shipping v1.0.5,oik v2.2-beta.0412,,,,,,,,
13 Apr 14,164795,66767,98028,70209,19622,6069,279,759,262,246,54,528,,,,,27,103,3.8148148148,Oik-batchmove 2.1,,,,,,,,,
17 Apr 14,165595,67008,98587,70342,19694,6157,281,764,273,257,62,757,,,,,241,559,2.3195020747,oik v2.2 ,all others set for WP 3.9 compatibility,,,,,,,,
18 Apr 14,165807,67166,98641,70358,19696,6170,283,767,275,259,64,769,,,,,158,54,0.3417721519,,,,,,,,,,
20 Apr 14,166642,67711,98931,70470,19732,6195,294,780,281,267,74,838,,,,,545,290,0.5321100917,,,,,,,,,,
2 May 14,169103,68941,100162,70853,19937,6409,309,801,297,283,110,1163,,,,,1230,1231,1.0008130081,,,,,,,,,,
6 May 14,169886,69260,100626,71038,20011,6482,313,809,300,287,120,1266,,,,,319,464,1.4545454545,Oik-shortcodes v1.11,Oik-plugins v1.10,oik v2.3-alpha.0506,Oik-batch v0.2,,,,,,
11 May 14,170682,69606,101076,71186,20101,6553,316,814,304,292,131,1379,,,,,346,450,1.3005780347,Oik-shortcodes v1.14,oik v2.3-alpha.0511,Oik-fields v1.36,Oik-types v1.4,Oik-sc-help v1.19,,,,,
16 Jun 14,175422,71455,103967,72123,20653,6921,347,855,353,335,215,2165,,,,,1849,2891,1.5635478637,Oik-shortcodes v1.19,oik-bob-bing-wide v1.23,,,,,,,,
1 Jul 14,177107,72041,105066,72500,20843,7038,351,871,361,350,244,2508,,,,,586,1099,1.8754266212,Oik-rwd v0.3,et al,,,,,,,,
23 Jul 14,179418,72865,106553,72931,21166,7209,367,888,379,370,290,2953,,,,,824,1487,1.8046116505,,,,,,,,,,
28 Jul 14,179865,73039,106826,73006,21234,7248,367,890,380,373,304,3024,,,,,174,273,1.5689655172,,,,,,,,,,
6 Aug 14,180862,73385,107477,73180,21393,7330,371,899,388,387,332,3197,,,,,346,651,1.8815028902,Oik-fields v1.38,Oik-rwd 0.5,,,,,,,,
8 Sep 14,184099,74560,109539,73752,21876,7574,392,931,411,422,445,3736,,,,,1175,2062,1.754893617,Oik-css v0.6,bbboing v1.7,Cookie-cat v1.4,,WordPress 4.0,,,,,
9 Sep 14,184187,74590,109597,73781,21884,7580,394,932,411,422,447,3746,,,,,30,58,1.9333333333,Cookie-cat v1.4,,,,,,,,,
13 Sep 14,184957,74764,110193,73886,21945,7878,398,954,420,432,452,3828,,,,,174,596,3.4252873563,Uk-tides v1.4,Oik-privacy-policy v1.3,Oik-batchmove v2.2,Oik-read-more v0.2,,,,,,
14 Sep 14,185190,74794,110396,73896,22091,7902,399,956,421,435,460,3836,,,,,30,203,6.7666666667,,,,,,,,,,
21 Sep 14,186485,75088,111397,74061,22544,8103,404,968,426,469,483,3939,,,,,294,1001,3.4047619048,Oik-batchmove v2.3,,,,,,,,,
22 Sep 14,186602,75118,111484,74075,22578,8123,404,968,427,472,488,3949,,,,,30,87,2.9,oik-weightcountry-shipping v1.0.7,,,,,,,,,
23 Sep 14,187130,75206,111924,74108,22653,8174,405,971,429,480,501,4203,,,,,88,440,5,oik v2.3,,,,,,,,,
25 Sep 14,188033,75775,112258,74141,22749,8224,408,975,432,487,513,4329,,,,,569,334,0.5869947276,,,,,,,,,,
26 Sep 14,188391,75968,112423,74164,22802,8246,408,976,433,492,524,4378,,,,,193,165,0.8549222798,,,,,,,,,,
29 Sep 14,189059,76306,112753,74204,22886,8293,411,980,434,502,535,4508,,,,,338,330,0.9763313609,,,,,,,,,,
7 Oct 14,191080,77223,113857,74380,23181,8479,417,997,438,526,582,4857,,,,,917,1104,1.2039258451,,,,,,,,,,
9 Oct 14,191587,77430,114157,74423,23270,8520,418,1006,440,529,597,4954,,,,,207,300,1.4492753623,Oik-bob-bing-wide v11.26,,,,,,,,,
12 Oct 14,192110,77659,114451,74481,23357,8565,419,1009,443,538,605,5034,,,,,229,294,1.2838427948,Oik-css v0.7,oik-bob-bing-wide v1.27,Oik-plugins v1.13,,,,,,,
23 Oct 14,194195,78496,115699,74700,23700,8738,432,1019,451,561,687,5411,,,,,837,1248,1.4910394265,,,,,,,,,,
24 Oct 14,194416,78584,115832,74721,23737,8764,432,1021,452,562,691,5452,,,,,88,133,1.5113636364,,,,,,,,,,
27 Oct 14,194784,78719,116065,74765,23798,8792,434,1025,455,566,702,5528,,,,,135,233,1.7259259259,,,,,,,,,,
28 Oct 14,194965,78792,116173,74784,23826,8807,434,1027,457,567,705,5566,,,,,73,108,1.4794520548,,,,,,,,,,
30 Oct 14,195390,78960,116430,74817,23890,8846,434,1032,457,571,722,5661,,,,,168,257,1.5297619048,,,,,,,,,,
9 Nov 14,197011,79587,117424,74989,24154,8979,443,1047,465,596,781,5970,,,,,627,994,1.5853269537,,,,,,,,,,
10 Nov 14,197178,79648,117530,75004,24182,8995,443,1050,465,600,789,6002,,,,,61,106,1.737704918,,,,,,,,,,
20 Nov 14,198995,80329,118666,75215,24431,9177,453,1063,474,623,847,6383,,,,,681,1136,1.6681350954,Oik-rwd v0.7?,"Oik-bob-bing-wide v1,28",,,,,,,,
25 Nov 14,199901,80701,119200,75311,24569,9270,457,1070,481,631,872,6539,,,,,372,534,1.435483871,,,,,,,,,,
26 Nov 14,199998,80734,119264,75331,24585,9277,457,1070,481,631,876,6556,,,,,33,64,1.9393939394,Uk-tides v1.5,,,,,,,,,
26 Nov 14,200000,80734,119266,75331,24585,9278,457,1070,481,631,876,6557,,,,,0,2,#DIV/0!,,10:21 today,,,,,,,,
26 Nov 14,200010,80738,119272,75332,24587,9279,457,1070,481,631,876,6559,,,,,4,6,1.5,,,,,,,,,,
12 Dec 14,202267,81572,120695,75610,24906,9490,459,1084,488,663,943,7052,,,,,834,1423,1.706235012,Oik-popup v0.3,,,,,,,,,
17 Dec 14,202922,81824,121098,75686,24993,9552,460,1086,491,675,965,7190,,,,,252,403,1.5992063492,,,,,,,,,,
21 Dec 14,203248,81892,121356,75743,25057,9589,461,1088,492,678,978,7270,,,,,68,258,3.7941176471,Uk-tides v1.6,,,,,,,,,
22 Dec 14,203442,82026,121416,75758,25068,9601,461,1099,492,679,983,7275,,,,,134,60,0.447761194,Oik-weightcountry-shipping v1.0.8,,,,,,,,,
23 Dec 14,203801,82065,121736,75776,25084,9613,462,1104,492,682,985,7538,,,,,39,320,8.2051282051,Oik 2.4-beta.1223,,,,,,,,,
24 Dec 14,203954,82097,121857,75791,25095,9620,462,1106,493,683,988,7619,,,,,32,121,3.78125,oik v2.4,,,,,,,,,
5 Jan 15,206920,83877,123043,75939,25373,9707,465,1131,499,698,1030,8201,,,,,1780,1186,0.6662921348,Oik 2.4 on o-p.com and .co.uk,Diy-oik 1.4,,,,,,,,
16 Jan 15,209404,84960,124444,76150,25741,9842,467,1154,508,726,1071,8785,,,,,1083,1401,1.2936288089,,,,,,,,,,
19 Jan 15,209949,85197,124752,76213,25831,9869,467,1155,511,730,1080,8896,,,,,237,308,1.2995780591,,,,,,,,,,
21 Jan 15,210372,85385,124987,76255,25900,9892,467,1157,511,734,1088,8983,,,,,188,235,1.25,,,,,,,,,,
27 Jan 15,211319,85789,125530,76369,26041,9925,467,1163,512,741,1112,9200,,,,,404,543,1.3440594059,,,,,,,,,,
16 Mar 15,218231,88587,129644,77150,27052,10352,480,1231,536,818,1294,10731,,,,,2798,4114,1.4703359543,,,,,,,,,,
23 Apr 15,222641,90329,132312,77643,27770,10598,489,1266,551,900,1383,11712,,,,,1742,2668,1.5315729047,,,,,,,,,,
24 Apr 15,222815,90395,132420,77661,27792,10622,489,1268,552,902,1385,11749,,,,,66,108,1.6363636364,,,,,,,,,,
12 May 15,226688,92783,133905,77940,28108,10909,494,1290,563,937,1449,12215,,,,,2388,1485,0.6218592965,oik-weightcountry-shipping v1.1,,,,,,,,,
21 May 15,229794,93949,135845,78113,28284,11109,497,1300,569,958,1483,13532,,,,,1166,1940,1.6638078902,,,,,,,,,,
1 Jun 15,231866,94775,137091,78263,28506,11337,498,1303,573,973,1523,14115,,,,,826,1246,1.5084745763,Oik-clone 1.0-beta.0601,,,,,,,,,
11 Jun 15,233990,95589,138401,78401,28737,11671,499,1307,580,991,1552,14663,,,,,814,1310,1.6093366093,,,,,,,,,,
24 Jun 15,235800,96380,139420,78551,28894,11828,503,1320,586,1014,1592,15132,,,,,791,1019,1.2882427307,Genesis-image v1.0,,,,,,,,,
25 Jun 15,236003,96450,139553,78570,28912,11844,503,1321,586,1015,1596,15206,,,,,70,133,1.9,oik-weightcountry-shipping v1.2,,,,,,,,,
26 Jun 15,236421,96476,139945,78575,28918,11850,503,1321,586,1015,1597,15580,,,,,26,392,15.0769230769,,,,,,,,,,
2 Jul 15,237631,96720,140911,78643,29001,11903,504,1323,589,1025,1616,16307,,,,,244,966,3.9590163934,Oik-weightcountry-shipping-pro v1.3,,,,,,,,,
4 Jul 15,237917,96801,141116,78663,29030,11919,504,1323,589,1027,1624,16437,,,,,81,205,2.5308641975,,,,,,,,,,
7 Jul 15,238279,96920,141359,78701,29059,11938,504,1325,589,1028,1632,16583,,,,,119,243,2.0420168067,oik-weightcountry-shipping v1.3,,,,,,,,,
8 Jul 15,238884,96969,141915,78720,29074,11947,504,1325,590,1029,1634,17092,,,,,49,556,11.3469387755,,,,,,,,,,
9 Jul 15,239211,97023,142188,78741,29095,11968,504,1325,590,1031,1639,17295,,,,,54,273,5.0555555556,,,,,,,,,,
15 Jul 15,240172,97255,142917,78806,29163,12027,505,1329,591,1040,1661,17795,,,,,232,729,3.1422413793,,,,,,,,,,
22 Jul 15,241020,97527,143493,78880,29245,12079,507,1332,596,1047,1686,18121,,,,,272,576,2.1176470588,,,,,,,,,,
29 Jul 15,241986,97827,144159,78968,29337,12140,509,1337,599,1059,1726,18484,,,,,300,666,2.22,"Oik 2.6-beta.0724, oik-bwtrace 2.0.0, oik-lib 0.0.1",,,,,,,,,
12 Aug 15,243494,98344,145150,79113,29525,12270,511,1348,602,1081,1763,18937,,,,,517,991,1.916827853,"Oik 3.0.0-alpha.0806, oik-bwtrace 2.0.1, oik-lib v0.0.2, oik-libs v0.0.2",,,,,,,,,
19 Aug 15,244247,98624,145623,79225,29623,12316,512,1353,604,1097,1773,19120,,,,,280,473,1.6892857143,WordPress 4.3,,,,,,,,,
24 Aug 15,245033,98943,146090,79354,29736,12351,514,1355,609,1106,1780,19285,,,,,319,467,1.4639498433,ons v1.14.0,,,,,,,,,
25 Aug 15,245266,99021,146245,79387,29789,12368,515,1356,609,1107,1781,19333,,,,,78,155,1.9871794872,"Oik-bwtrace v2.0.2, oik-nivo-slider v2.0.2",,,,,,,,,
28 Aug 15,245776,99163,146613,79572,29838,12402,516,1363,610,1112,1785,19415,,,,,142,368,2.5915492958,,,,,,,,,,
29 Aug 15,245852,99190,146662,79593,29846,12405,516,1363,610,1112,1786,19431,,,,,27,49,1.8148148148,"Oik-css v0.8.0, oik-bwtrace v2.0.3cd ..\",,,,,,,,,
31 Aug 15,246062,99251,146811,79655,29865,12417,516,1364,618,1115,1789,19472,,,,,61,149,2.4426229508,"Oik-bwtrace v2.0.4, oik-types v1.9.0",,,,,,,,,
8 Sep 15,246851,99483,147368,79842,29961,12465,518,1373,630,1123,1801,19652,3,,,,232,557,2.400862069,Oik-bwtrace v2.0.5,,,,,,,,,
10 Sep 15,247107,99562,147545,79898,29989,12485,519,1374,633,1130,1808,19705,4,,,,79,177,2.2405063291,,,,,,,,,,
11 Sep 15,247256,99603,147653,79937,30006,12498,521,1377,633,1130,1812,19732,7,,,,41,108,2.6341463415,,,,,,,,,,
12 Sep 15,247310,99627,147683,79950,30010,12500,521,1377,634,1131,1812,19740,8,,,,24,30,1.25,,,,,,,,,,
24 Sep 15,248589,100051,148538,80218,30157,12603,523,1383,649,1149,1838,20000,18,,,,424,855,2.016509434,Oik-bwtrace v2.0.6 - 25th,,,,,,,,,
28 Sep 15,248867,100134,148733,80257,30201,12624,525,1388,651,1153,1840,20068,26,,,,83,195,2.3493975904,,,,,,,,,,
1 Oct 15,249219,100235,148984,80323,30248,12649,528,1390,654,1159,1847,20155,31,,,,101,251,2.4851485149,,,,,,,,,,
8 Oct 15,249905,100450,149455,80454,30333,12698,528,1394,661,1168,1857,20320,42,,,,215,471,2.1906976744,,,,,,,,,,
9 Oct 15,249963,100468,149495,80466,30340,12702,528,1394,662,1168,1858,20334,43,,,,18,40,2.2222222222,,,,,,,,,,
12 Oct 15,250184,100540,149644,80509,30364,12715,529,1394,665,1174,1861,20386,47,,,,72,149,2.0694444444,oik-weightcountry-shipping v1.3.1,Oik-weightcountry-shipping-pro v1.4.1,,Oik-batchmove v2.4,,,,,,
13 Oct 15,250812,100565,150247,80530,30382,12730,531,1395,667,1199,1864,20900,49,,,,25,603,24.12,,,,,,,,,,$
14 Oct 15,251084,100598,150486,80554,30398,12735,531,1396,667,1212,1866,21072,55,,,,33,239,7.2424242424,Oik-bwtrace v2.0.7,,,,,,,,,
4 Nov 15,253965,101204,152761,80885,30633,12900,536,1414,680,1276,1895,22462,80,,,,606,2275,3.7541254125,Oik-bwtrace v2.0.8,Oik-window-width v0.1.1,,,,,,,,
15 Nov 15,255150,101488,153662,81017,30768,12985,540,1420,691,1299,1914,22926,102,,,,284,901,3.1725352113,,,,,,,,,,
9 Dec 15,257572,102099,155473,81324,31051,13156,548,1431,700,1347,1945,23851,120,,,,611,1811,2.9639934534,oik-weightcountry-shipping v1.3.2,oik-privacy-policy v1.3.1,Cookie-cat v1.4.1,,,,,,,
10 Dec 15,259027,102130,156897,81335,31635,13404,549,1431,702,1351,1948,24421,121,,,,31,1424,45.935483871,Cookie-cat v1.4.2,Oik-nivo-slider v1.14.1,,,,,,,,
13 Dec 15,260053,102216,157837,81483,31827,13634,550,1434,707,1359,1950,24767,126,,,,86,940,10.9302325581,,,,,,,,,,
14 Dec 15,260270,102233,158037,81508,31882,13671,550,1435,707,1359,1951,24848,126,,,,17,200,11.7647058824,Oik-batchmove 2.4.1,Oik-read-more v0.2.1,,,,,,,,
15 Dec 15,260631,102259,158372,81553,31949,13746,550,1437,708,1384,1969,24950,126,,,,26,335,12.8846153846,Uk-tides v1.6.1,,,,,,,,,
17 Dec 15,261318,102323,158995,81618,32080,13877,550,1455,710,1405,2005,25166,129,,,,64,623,9.734375,Oik-css v0.8.1,,,,,,,,,
18 Dec 15,261503,102347,159156,81636,32116,13903,550,1460,714,1408,2012,25228,129,,,,24,161,6.7083333333,Oik-bwtrace v2.0.9,,,,,,,,,
21 Dec 15,261914,102423,159491,81680,32201,13953,551,1464,723,1415,2022,25349,133,,,,76,335,4.4078947368,Oik 2.5.1,Oik-bwtrace v2.0.10,Us-tides v0.3.0,,,,,,,
22 Dec 15,262252,102462,159790,81714,32263,14010,551,1472,727,1426,2033,25451,143,,,,39,299,7.6666666667,bbboing v1.8.0,,,,,,,,,
23 Dec 15,262448,102486,159962,81739,32303,14034,555,1474,728,1428,2040,25518,143,,,,24,172,7.1666666667,,,,,,,,,,
29 Dec 15,263057,102597,160460,81809,32422,14108,560,1486,733,1439,2048,25708,147,,,,111,498,4.4864864865,,,,,,,,,,
22 Jan 16,267038,103328,163710,82310,33228,14692,567,1541,767,1505,2140,26783,177,,,,731,3250,4.4459644323,,,,,,,,,,
23 Jan 16,267296,103383,163913,82353,33290,14721,568,1543,769,1511,2144,26832,179,3,,,55,203,3.6909090909,Allow-reinstalls v0.0.0,,,,,,,,,
8 Feb 16,269459,103865,165594,82637,33688,15027,579,1562,778,1545,2196,27346,197,39,,,482,1681,3.4875518672,Oik-bwtrace v2.0.11,,,,,,,,,
12 Feb 16,270048,103997,166051,82714,33797,15111,579,1566,781,1557,2209,27481,210,46,,,132,457,3.4621212121,,,,,,,,,,
13 Feb 16,270150,104023,166127,82727,33812,15126,580,1568,781,1557,2210,27509,211,46,,,26,76,2.9230769231,Uk-tides v1.6.2,,,,,,,,,
28 Feb 16,271943,104415,167528,82957,34115,15361,590,1632,788,1586,2251,27952,236,60,,,392,1401,3.5739795918,,,,,,,,,,
15 Mar 16,273589,104834,168755,83133,34396,15580,596,1664,802,1628,2276,28357,258,65,,,419,1227,2.9284009547,,,,,,,,,,
18 Mar 16,273970,104932,169038,83181,34453,15638,596,1670,803,1635,2283,28449,265,65,,,98,283,2.887755102,,,,,,,,,,
24 Mar 16,274542,105069,169473,83248,34560,15715,598,1685,805,1646,2295,28577,275,69,,,137,435,3.1751824818,Oik-css v0.8.2,oik v3.0.0-RC3,,,,,,,,
12 Apr 16,276203,105488,170715,83432,34888,15931,601,1705,808,1679,2318,28986,295,72,,,419,1242,2.9642004773,oik v3.0.0,,,,,,,,,
14 Apr 16,277662,106797,170865,83457,34929,15961,601,1708,810,1684,2324,29020,296,75,,,1309,150,0.1145912911,Oik-nivo-slider v1.14.2,,,,,,,,,
21 Apr 16,279077,107596,171481,83742,35021,16041,602,1715,812,1695,2331,29142,302,78,,,799,616,0.7709637046,oik-nivo-slider v1.14.3,,,,,,,,,
3 May 16,280752,108387,172365,84042,35192,16163,607,1727,821,1707,2341,29367,310,88,,,791,884,1.1175726928,Oik-external-link-warning v1.0.0-alpha.0503,,,,,,,,,
8 Jun 16,284315,109917,174398,84461,35655,16386,618,1768,834,1768,2389,30074,335,110,,,1530,2033,1.3287581699,,,,,,,,,,
30 Jun 16,285788,110508,175280,84626,35884,16458,622,1784,846,1800,2413,30381,344,122,,,591,882,1.4923857868,oik v3.0.1,oik v3.0.2,,,,,,,,
4 Aug 16,290545,113687,176858,84966,36288,16570,634,1814,863,1863,2457,30880,376,147,0,,3179,1578,0.4963825102,O-w-z-s 0.0.1 ,O-w-z-s-p 0.0.0,,,,,,,,
20 Aug 16,292643,114328,178315,85086,37264,16606,635,1823,870,1886,2474,31073,394,152,52,,641,1457,2.2730109204,bbboing v1.8.2,Oik-privacy-policy v1.3.2 ( Aug 16),,,,,,,,
24 Aug 16,293300,114506,178794,85126,37606,16623,638,1825,871,1892,2476,31112,400,154,71,,178,479,2.691011236,,,,,,,,,,
29 Aug 16,293859,114682,179177,85172,37822,16638,642,1827,872,1897,2477,31170,408,157,95,,176,383,2.1761363636,,,,,,,,,,
5 Sep 16,294647,114957,179690,85229,38089,16670,645,1829,875,1908,2481,31258,422,158,126,,275,513,1.8654545455,,,,,,,,,,
27 Sep 16,296667,115673,180994,85374,38696,16739,654,1840,886,1939,2499,31535,447,162,223,,716,1304,1.8212290503,Uk-tides v1.6.3,,,,,,,,,
8 Nov 16,299582,116659,182923,85574,39445,16878,670,1933,907,1996,2534,31965,470,180,371,,986,1929,1.9563894523,Oik-weight-zone-shipping v0.0.2,,,,,,,,,
17 Nov 16,300290,116845,183445,85621,39579,16896,671,1941,912,2007,2543,32115,473,183,504,,186,522,2.8064516129,Oik-weightcountry-shipping v1.3.3,,,,,,,,,
27 Nov 16,302006,117027,184979,85677,39721,16915,671,1954,916,2018,2547,33302,479,188,591,,182,1534,8.4285714286,,,,,,,,,,
28 Nov 16,302084,117037,185047,85681,39729,16918,672,1954,917,2019,2548,33346,479,189,595,,10,68,6.8,,,,,,,,,,
7 Dec 16,303144,117205,185939,85742,39858,16941,679,1969,926,2039,2562,33833,488,210,692,,168,892,5.3095238095,Oik 3.1.0 for WordPress 4.7,,,,,,,,,
8 Dec 16,304301,118205,186096,85748,39871,16945,679,1977,927,2040,2563,33941,489,210,706,,1000,157,0.157,Oik 3.1.1,,,,,,,,,
8 Mar 17,313365,123255,190110,86204,40000,17206,713,2080,972,2155,2645,35954,554,353,1274,,5050,4014,0.7948514851,,,,,,,,,,
23 Mar 17,315316,123582,191734,86267,41147,17254,716,2094,975,2173,2650,36162,565,364,1367,,327,1624,4.9663608563,oik v3.1.4,Oik-nivo-slider v1.14.4,,,,,,,,
24 Mar 17,316223,124295,191928,86309,41266,17260,716,2095,975,2176,2651,36176,566,365,1373,,713,194,0.2720897616,Oik-privacy-policy v1.3.3,,,,,,,,,
26 Mar 17,317132,124645,192487,86349,41751,17266,717,2095,975,2177,2653,36191,567,365,1381,,350,559,1.5971428571,,,,,,,,,,
27 Mar 17,317458,124815,192643,86380,41844,17267,717,2096,976,2180,2654,36209,568,367,1385,,170,156,0.9176470588,oik-weightcountry-shipping v1.3.4,,,,,,,,,
30 Mar 17,318979,125266,193713,86433,42158,17271,718,2101,976,2189,2656,36858,570,370,1413,,451,1070,2.3725055432,,,,,,,,,,
3 Apr 17,319765,125547,194218,86474,42306,17279,721,2103,978,2193,2657,37119,572,374,1442,,281,505,1.7971530249,Cookie-cat v1.4.2,,,,,,,,,
5 Apr 17,320627,125709,194918,86493,42383,17671,722,2106,979,2194,2675,37291,574,375,1455,,162,700,4.3209876543,oik-weight-zone-shipping v0.0.3,,,,,,,,,
7 Apr 17,321172,125822,195350,86519,42429,17768,722,2107,979,2194,2684,37426,575,376,1571,,113,432,3.8230088496,,,,,,,,,,
10 Apr 17,321741,125964,195777,86548,42505,17855,723,2111,979,2196,2696,37583,576,378,1627,,142,427,3.0070422535,Uk-tides v1.6.4,,,,,,,,,
17 May 17,326854,127323,199531,86780,43248,18488,738,2229,994,2234,2745,38902,608,408,2157,,1359,3754,2.7623252391,Oik-weight-zone-shipping v0.1.0,,,,,,,,,
1 Jun 17,328687,127771,200916,86842,43498,18617,745,2247,998,2245,2760,39325,613,419,2607,,448,1385,3.0915178571,oik-weight-zone-shipping v0.1.1,,,,,,,,,
12 Jun 17,329926,128064,201862,86881,43681,18683,747,2256,1001,2254,2770,39534,616,423,3016,,293,946,3.228668942,,,,,,,,,,
14 Jun 17,330254,128123,202131,86898,43734,18707,751,2266,1006,2262,2776,39604,623,430,3074,,59,269,4.5593220339,,,,,,,,,,
22 Jun 17,331012,128294,202718,86938,43847,18768,758,2276,1013,2268,2783,39786,631,443,3207,,171,587,3.432748538,Oik-batchmove 2.4.3,,,,,,,,,
27 Jul 17,333876,129086,204790,87064,44277,18981,786,2309,1031,2413,2819,40393,656,476,3585,,792,2072,2.6161616162,,,,,,,,,,
14 Aug 17,334809,129301,205508,87126,44457,19053,793,2325,1036,2444,2832,40607,665,491,3679,,215,718,3.3395348837,Oik-weight-zone-shipping v0.1.2,,,,,,,,,
10 Oct 17,338815,130367,208448,87286,45229,19273,815,2366,1059,2508,2875,41296,696,547,4498,,1066,2940,2.7579737336,,,,,,,,,,
24 Oct 17,339617,130605,209012,87308,45375,19312,826,2372,1066,2521,2886,41464,707,561,4614,,238,564,2.3697478992,oik v3.2.0-RC1,,,,,,,,,
9 Nov 17,340663,130876,209787,87371,45549,19382,841,2390,1077,2543,2902,41674,723,585,4750,,271,775,2.8597785978,,,,,,,,,,
15 Nov 17,340998,130972,210026,87389,45598,19410,847,2395,1083,2556,2910,41740,727,596,4775,,96,239,2.4895833333,oik v3.2.0 ,,,,,,,,,
16 Nov 17,342153,132095,210058,87392,45601,19413,847,2396,1083,2556,2910,41759,727,596,4778,,1123,32,0.0284951024,,,,,,,,,,
26 Nov 17,343611,133190,210421,87412,45705,19467,850,2400,1084,2559,2912,41845,733,600,4854,,1095,363,0.3315068493,"oik v3.2.1, oik-nivo-slider v1.15.0",,,,,,,,,
28 Nov 17,344902,134343,210559,87467,45720,19493,851,2401,1085,2562,2915,41865,734,602,4864,,1153,138,0.119687771,,,,,,,,,,
3 Dec 17,345907,135090,210817,87536,45757,19511,852,2408,1088,2568,2919,41931,738,606,4903,,747,258,0.3453815261,"oik v3.2.2, oik-privacy-policy 1.4.0",,,,,,,,,
6 Dec 17,348087,136287,211800,87566,46638,19525,853,2411,1088,2568,2921,41958,739,608,4925,,1197,983,0.821219716,exit,,,,,,,,,
18 Dec 17,350018,137333,212685,87649,47147,19563,861,2424,1095,2580,2933,42081,746,618,4988,,1046,885,0.8460803059,"oik v3.2.3, oik-css 0.9.0",,,,,,,,,
21 Dec 17,351551,138652,212899,87666,47235,19574,865,2426,1110,2584,2936,42116,751,622,5014,,1319,214,0.1622441243,Oik-bwtrace v2.1.1,,,,,,,,,
23 Dec 17,351951,138908,213043,87678,47285,19580,865,2428,1112,2587,2937,42144,768,623,5036,,256,144,0.5625,,,,,,,,,,
4 Jan 18,352990,139555,213435,87728,47452,19608,868,2432,1123,2593,2939,42210,782,628,5072,,647,392,0.6058732612,,,,,,,,,,
21 Nov 18,371602,146387,225215,88759,51283,21090,1048,2787,1352,2887,3117,44251,1097,852,6692,,6832,11780,1.7242388759,,,,,,,,,,
5 Dec 18,372025,146517,225508,88778,51370,21126,1051,2793,1355,2891,3120,44321,1101,861,6741,,130,293,2.2538461538,"Oik 3.2.8, bbboing GC, allow reinstalls GC",,,,,,,,,
6 Dec 18,372957,147396,225561,88781,51376,21128,1069,2793,1355,2892,3120,44324,1101,874,6748,,879,53,0.0602957907,,,,,,,,,,
10 Dec 18,373956,148209,225747,88912,51397,21136,1069,2795,1356,2893,3121,44329,1103,875,6761,,813,186,0.2287822878,corrected o-n-s v1.15.2,,,,,,,,,
11 Dec 18,374169,148363,225806,88951,51399,21140,1070,2796,1356,2894,3121,44334,1103,875,6767,,154,59,0.3831168831,"oik-privacy-policy v1..4.1, cookie-cat v1.4.4",,,,,,,,,
12 Dec 18,375193,148452,226741,88959,51942,21511,1072,2796,1356,2895,3121,44338,1104,878,6769,,89,935,10.5056179775,,,,,,,,,,
13 Dec 18,375589,148543,227046,88971,52080,21645,1074,2797,1357,2897,3122,44344,1106,879,6774,,91,305,3.3516483516,,,,,,,,,,
22 Oct 19,394228,157641,236587,89735,56084,23959,1258,3241,1521,3230,3316,45426,,1153,7664,,9098,9541,1.0486920202,,,,,,,,,,
6 Nov 19,396126,157860,238266,89782,56184,24026,1269,3258,1528,3245,3324,45463,1313,1164,7710,,219,1679,7.6666666667,Oik-nivo-slider,,,,,,,,,
19 Nov 19,396424,157968,238456,89812,56233,24055,1271,3266,1532,3252,3326,45491,1317,1167,7734,,108,190,1.7592592593,bbboing ,,,,,,,,,
15 Dec 19,397174,158190,238984,89869,56333,24126,1291,3294,1551,3283,3346,45539,1366,1187,7799,,222,528,2.3783783784,Oik-privacy-policy,,,,,,,,,
15 Dec 19,397349,158236,239113,89881,56353,24138,1294,3298,1554,3288,3368,45549,1382,1200,7808,,46,129,2.8043478261,Cookie-cat,,,,,,,,,
26 Dec 19,397697,158329,239368,89908,56401,24161,1302,3312,1564,3301,3395,45575,1400,1211,7838,,93,255,2.7419354839,,,,,,,,,,
1 Jan 20,397820,158376,239444,89922,56422,24176,1303,3317,1565,3305,3399,45579,1403,1211,7842,,47,76,1.6170212766,Oik-css  ,,,,,,,,,
2 Jan 20,397873,158383,239490,89961,56425,24176,1303,3317,1565,3305,3400,45581,1403,1211,7843,,7,46,6.5714285714,"Oik 4.1.0, oik-nivo-slider 1.16.0",,,,,,,,,
3 Jan 20,397936,158396,239540,89977,56430,24181,1317,3317,1565,3307,3400,45585,1406,1212,7843,,13,50,3.8461538462,,,,,,,,,,
4 Jan 20,398725,158402,240323,89983,56863,24517,1321,3317,1565,3307,3400,45587,1407,1212,7844,,6,783,130.5,,,,,,,,,,
9 Jan 20,399684,158457,241227,90022,57269,24922,1329,3319,1566,3309,3406,45602,1415,1213,7855,,55,904,16.4363636364,,,,,,,,,,
15 Jan 20,400167,158519,241648,90052,57476,25053,1332,3323,1567,3313,3412,45613,1418,1219,7870,,62,421,6.7903225806,,,,,,,,,,
30 Jan 20,401325,158705,242620,90141,57883,25302,1353,3348,1583,3333,3434,45664,1437,1236,7906,,186,972,5.2258064516,,,,,,,,,,
30 Jan 20,401325,158705,242620,90141,57883,25302,1353,3348,1583,3333,3434,45664,1437,1236,7906,,0,0,#DIV/0!,,,,,,,,,,
8 Feb 20,403453,160300,243153,90178,58088,25402,1360,3410,1616,3342,3445,45690,1451,1243,7928,,1595,533,0.334169279,,,,,,,,,,
15 Apr 20,408780,162773,246007,90479,59276,25960,1396,3538,1667,3442,3499,45863,1498,1292,8097,,2473,2854,1.15406389,,,,,,,,,,
15 May 20,411100,163330,247770,90645,59562,26133,1418,3581,1693,3527,3525,45981,1529,1349,8827,,557,1763,3.1651705566,,,,,,,,,,
22 Jul 20,414382,164250,250132,90942,59988,26405,1450,3648,1722,3626,3557,46175,1572,1459,9588,,920,2362,2.5673913043,,,,,,,,,,
19 Aug 20,415982,164648,251334,91090,60187,26566,1481,3687,1749,3691,3589,46257,1611,1532,9829,65,398,1202,3.0201005025,Sb-children-block August 8th,,,,,,,,,
4 Sep 20,416601,164859,251742,91153,60303,26625,1482,3702,1756,3707,3593,46280,1619,1568,9954,,211,408,1.9336492891,,,,,,,,,,
5 Sep 20,417286,165496,251790,91190,60303,26625,1482,3702,1767,3707,3593,46280,1619,1568,9954,,637,48,0.0753532182,,,,,,,,,,
6 Sep 20,417643,165808,251835,91213,60303,26636,1482,3702,1767,3707,3593,46280,1619,1568,9965,,312,45,0.1442307692,,,,,,,,,,
9 Sep 20,418043,166065,251978,91246,60314,26647,1482,3713,1778,3718,3604,46291,1630,1579,9976,107,257,143,0.5564202335,,,,,,,,,,
,0,,0,,,,,,,,,,,,,,-166065,-251978,1.5173456177,,,,,,,,,,
,0,,0,,,,,,,,,,,,,,0,0,#DIV/0!,,,,,,,,,,
,0,,0,,,,,,,,,,,,,,0,0,#DIV/0!,,,,,,,,,,
,0,,0,,,,,,,,,,,,,,0,0,#DIV/0!,,,,,,,,,,
,0,,0,,,,,,,,,,,,,,0,0,#DIV/0!,,,,,,,,,,
,0,,0,,,,,,,,,,,,,,0,0,#DIV/0!,,,,,,,,,,
,0,,0,,,,,,,,,,,,,,0,0,#DIV/0!,,,,,,,,,,
,0,,0,,,,,,,,,,,,,,0,0,#DIV/0!,,,,,,,,,,
,0,,0,,,,,,,,,,,,,,0,0,#DIV/0!,,,,,,,,,,
,0,,0,,,,,,,,,,,,,,0,0,#DIV/0!,,,,,,,,,,
,0,,0,,,,,,,,,,,,,,0,0,#DIV/0!,,,,,,,,,,
,0,,0,,,,,,,,,,,,,,0,0,#DIV/0!,,,,,,,,,,
,0,,0,,,,,,,,,,,,,,0,0,#DIV/0!,,,,,,,,,,
,0,,0,,,,,,,,,,,,,,0,0,#DIV/0!,,,,,,,,,,
,0,,0,,,,,,,,,,,,,,0,0,#DIV/0!,,,,,,,,,,
,0,,0,,,,,,,,,,,,,,0,0,#DIV/0!,,,,,,,,,,
,0,,0,,,,,,,,,,,,,,0,0,#DIV/0!,,,,,,,,,,
,0,,0,,,,,,,,,,,,,,0,0,#DIV/0!,,,,,,,,,,
,,,,,,,,,,,,,,,,,0,0,#DIV/0!,,,,,,,,,,
